section,dataset,key,method,id,recall,latency_ms,use,dr,dlat_ms,scale,interpolation,params
cp,arxiv,MIXED,curator,0,0.578,0.17987544000000003,1,0.0,0.0,1.0,linear,"{""pq_M"": 48, ""search_ef"": 32}"
cp,arxiv,MIXED,curator,1,0.623,0.21625009,1,0.0,0.0,1.0,linear,"{""pq_M"": 48, ""search_ef"": 64}"
cp,arxiv,MIXED,curator,2,0.668,0.24593238999999997,1,0.0,0.0,1.0,linear,"{""pq_M"": 48, ""search_ef"": 128}"
cp,arxiv,MIXED,curator,3,0.738,0.3375797,1,0.0,0.0,1.0,linear,"{""pq_M"": 48, ""search_ef"": 256}"
cp,arxiv,MIXED,curator,4,0.791,0.46120663000000006,1,0.0,0.0,1.0,linear,"{""pq_M"": 48, ""search_ef"": 512}"
cp,arxiv,MIXED,curator,5,0.831,0.8411686800000002,1,0.0,0.0,1.0,linear,"{""pq_M"": 48, ""search_ef"": 1024}"
cp,arxiv,MIXED,curator,6,0.86,1.35842357,1,0.0,0.0,1.0,linear,"{""pq_M"": 48, ""search_ef"": 2048}"
cp,arxiv,MIXED,curator,7,0.88,2.7439195999999986,1,0.0,0.0,1.0,linear,"{""pq_M"": 48, ""search_ef"": 4096}"
cp,arxiv,MIXED,curator,8,0.8959999999999999,7.6441126,0,0.0,0.0,1.0,linear,"{""pq_M"": 48, ""search_ef"": 8192}"
cp,arxiv,MIXED,curator,9,0.898,113.52449999999999,0,0.0,0.0,1.0,linear,"{""pq_M"": 48, ""search_ef"": 65536}"
cp,arxiv,MIXED,curator,10,0.898,115.18503100000002,0,0.0,0.0,1.0,linear,"{""pq_M"": 48, ""search_ef"": 32768}"
cp,arxiv,MIXED,curator,11,0.9000000000000001,6.859798999999996,1,0.0,0.0,1.0,linear,"{""pq_M"": 48, ""search_ef"": 16384}"
cp,arxiv,MIXED,diskivf,0,0.5,31.629156899999998,1,0.0,0.0,1.0,linear,"{""nprobe"": 12}"
cp,arxiv,MIXED,diskivf,1,0.5589999999999999,35.23427900000001,0,0.0,0.0,1.0,linear,"{""nprobe"": 16}"
cp,arxiv,MIXED,diskivf,2,0.598,31.964200999999992,1,0.0,0.0,1.0,linear,"{""nprobe"": 20}"
cp,arxiv,MIXED,diskivf,3,0.626,34.824472,1,0.0,0.0,1.0,linear,"{""nprobe"": 24}"
cp,arxiv,MIXED,diskivf,4,0.669,52.205341,0,0.0,0.0,1.0,linear,"{""nprobe"": 32}"
cp,arxiv,MIXED,diskivf,5,0.731,74.33813099999999,1,0.0,0.0,1.0,linear,"{""nprobe"": 48}"
cp,arxiv,MIXED,diskivf,6,0.766,104.22052,1,0.0,0.0,1.0,linear,"{""nprobe"": 64}"
cp,arxiv,MIXED,diskivf,7,0.82,141.13491399999998,0,0.0,0.0,1.0,linear,"{""nprobe"": 96}"
cp,arxiv,MIXED,diskivf,8,0.86,184.05589500000005,1,0.0,0.0,1.0,linear,"{""nprobe"": 128}"
cp,arxiv,MIXED,diskivf,9,0.885,251.74199000000002,0,0.0,0.0,1.0,linear,"{""nprobe"": 160}"
cp,arxiv,MIXED,diskivf,10,0.905,307.83546,0,0.0,0.0,1.0,linear,"{""nprobe"": 192}"
cp,arxiv,MIXED,diskivf,11,0.931,395.43393,1,0.0,0.0,1.0,linear,"{""nprobe"": 256}"
cp,arxiv,MIXED,diskivf,12,0.961,598.87852,0,0.0,0.0,1.0,linear,"{""nprobe"": 384}"
cp,arxiv,MIXED,diskivf,13,0.9750000000000001,807.4096700000001,1,0.0,0.0,1.0,linear,"{""nprobe"": 512}"
cp,arxiv,MIXED,diskivf,14,0.9910000000000001,1372.24128,0,0.0,0.0,1.0,linear,"{""nprobe"": 768}"
cp,arxiv,MIXED,diskivf,15,1.0,2018.5241750000002,1,0.0,0.0,1.0,linear,"{""nprobe"": 1265}"
cp,arxiv,MIXED,prefilter,0,1.0,378.6195199999999,1,0.0,0.0,1.0,linear,{}
cp,arxiv,MIXED,spann,0,0.583,44.765265,1,0.0,0.0,1.0,linear,"{""max_check"": 32768, ""overfetch_factor"": 1000, ""search_internal_result_num"": 500}"
cp,arxiv,MIXED,spann,1,0.645,63.698107,1,0.0,0.0,1.0,linear,"{""max_check"": 32768, ""overfetch_factor"": 1000, ""search_internal_result_num"": 1000}"
cp,arxiv,MIXED,spann,2,0.682,97.391157,1,0.0,0.0,1.0,linear,"{""max_check"": 32768, ""overfetch_factor"": 2000, ""search_internal_result_num"": 1000}"
cp,arxiv,MIXED,spann,3,0.736,127.76940500000002,1,0.0,0.0,1.0,linear,"{""max_check"": 32768, ""overfetch_factor"": 2000, ""search_internal_result_num"": 2000}"
cp,arxiv,MIXED,spann,4,0.785,176.04215,1,0.0,0.0,1.0,linear,"{""max_check"": 32768, ""overfetch_factor"": 5000, ""search_internal_result_num"": 2000}"
cp,arxiv,MIXED,spann,5,0.847,297.31475,1,0.0,0.0,1.0,linear,"{""max_check"": 32768, ""overfetch_factor"": 5000, ""search_internal_result_num"": 5000}"
cp,arxiv,MIXED,spann,6,0.8759999999999999,431.11207,1,0.0,0.0,1.0,linear,"{""max_check"": 65536, ""overfetch_factor"": 10000, ""search_internal_result_num"": 5000}"
cp,arxiv,MIXED,spann,7,0.8759999999999999,600.0121600000001,0,0.0,0.0,1.0,linear,"{""max_check"": 65536, ""overfetch_factor"": 20000, ""search_internal_result_num"": 5000}"
cp,sift1m,OR,curator,0,0.642,0.22367983000000002,1,0.0,0.0,1.0,linear,"{""pq_M"": 32, ""search_ef"": 16}"
cp,sift1m,OR,curator,1,0.723,0.22712990000000002,1,0.0,0.0,1.0,linear,"{""pq_M"": 32, ""search_ef"": 32}"
cp,sift1m,OR,curator,2,0.8,0.26536409,1,0.0,0.0,1.0,linear,"{""pq_M"": 32, ""search_ef"": 64}"
cp,sift1m,OR,curator,3,0.867,0.28848562000000005,1,0.0,0.0,1.0,linear,"{""pq_M"": 32, ""search_ef"": 128}"
cp,sift1m,OR,curator,4,0.912,0.38085378999999997,1,0.0,0.0,1.0,linear,"{""pq_M"": 32, ""search_ef"": 256}"
cp,sift1m,OR,curator,5,0.953,0.59195641,1,0.0,0.0,1.0,linear,"{""pq_M"": 32, ""search_ef"": 512}"
cp,sift1m,OR,curator,6,0.978,0.8307675900000001,1,0.0,0.0,1.0,linear,"{""pq_M"": 32, ""search_ef"": 1024}"
cp,sift1m,OR,curator,7,0.99,1.389348,0,0.0,0.0,1.0,linear,"{""pq_M"": 32, ""search_ef"": 2048}"
cp,sift1m,OR,curator,8,0.996,2.0769189750000003,1,0.0,0.0,1.0,linear,"{""pq_M"": 32, ""search_ef"": 4096}"
cp,sift1m,OR,diskivf,0,0.5019999999999999,4.10946851,1,0.0,0.0,1.0,linear,"{""nprobe"": 3}"
cp,sift1m,OR,diskivf,1,0.569,2.5864147600000007,0,0.0,0.0,1.0,linear,"{""nprobe"": 4}"
cp,sift1m,OR,diskivf,2,0.6619999999999999,5.0270767,1,0.0,0.0,1.0,linear,"{""nprobe"": 6}"
cp,sift1m,OR,diskivf,3,0.7419999999999999,3.700929000000001,0,0.0,0.0,1.0,linear,"{""nprobe"": 8}"
cp,sift1m,OR,diskivf,4,0.8120000000000002,7.298627599999999,0,0.0,0.0,1.0,linear,"{""nprobe"": 12}"
cp,sift1m,OR,diskivf,5,0.8600000000000001,5.680910600000002,1,0.0,0.0,1.0,linear,"{""nprobe"": 16}"
cp,sift1m,OR,diskivf,6,0.89,6.3035907999999985,1,0.0,0.0,1.0,linear,"{""nprobe"": 20}"
cp,sift1m,OR,diskivf,7,0.916,7.956411600000001,1,0.0,0.0,1.0,linear,"{""nprobe"": 24}"
cp,sift1m,OR,diskivf,8,0.9410000000000001,10.525756399999999,1,0.0,0.0,1.0,linear,"{""nprobe"": 32}"
cp,sift1m,OR,diskivf,9,0.972,15.376030400000001,1,0.0,0.0,1.0,linear,"{""nprobe"": 48}"
cp,sift1m,OR,diskivf,10,0.9870000000000002,18.388332000000002,0,0.0,0.0,1.0,linear,"{""nprobe"": 64}"
cp,sift1m,OR,diskivf,11,0.995,23.596623,0,0.0,0.0,1.0,linear,"{""nprobe"": 80}"
cp,sift1m,OR,diskivf,12,0.996,27.658373,0,0.0,0.0,1.0,linear,"{""nprobe"": 96}"
cp,sift1m,OR,diskivf,13,0.997,36.904447999999995,1,0.0,0.0,1.0,linear,"{""nprobe"": 128}"
cp,sift1m,OR,prefilter,0,1.0,95.66892600000001,1,0.0,0.0,1.0,linear,{}
cp,sift1m,OR,spann,0,0.501,1.6519196999999999,1,0.0,0.0,1.0,linear,"{""max_check"": 8192, ""overfetch_factor"": 10, ""search_internal_result_num"": 0}"
cp,sift1m,OR,spann,1,0.503,1.4359555999999998,0,0.0,0.0,1.0,linear,"{""max_check"": 2048, ""overfetch_factor"": 10, ""search_internal_result_num"": 0}"
cp,sift1m,OR,spann,2,0.6030000000000001,1.7070527999999996,1,0.0,0.0,1.0,linear,"{""max_check"": 8192, ""overfetch_factor"": 12, ""search_internal_result_num"": 0}"
cp,sift1m,OR,spann,3,0.7335,1.8204038648827352,1,0.0,0.0,1.0,linear,"{""max_check"": 8192, ""overfetch_factor"": 15, ""search_internal_result_num"": 0}"
cp,sift1m,OR,spann,4,0.7340000000000001,1.87882,0,0.0,0.0,1.0,linear,"{""max_check"": 4096, ""overfetch_factor"": 15, ""search_internal_result_num"": 0}"
cp,sift1m,OR,spann,5,0.8590000000000002,2.0837521999999997,0,0.0,0.0,1.0,linear,"{""max_check"": 8192, ""overfetch_factor"": 20, ""search_internal_result_num"": 0}"
cp,sift1m,OR,spann,6,0.8600000000000001,1.8110669999999993,0,0.0,0.0,1.0,linear,"{""max_check"": 4096, ""overfetch_factor"": 20, ""search_internal_result_num"": 0}"
cp,sift1m,OR,spann,7,0.8645000000000003,1.9669629946513023,0,0.0,0.0,1.0,linear,"{""max_check"": 8192, ""overfetch_factor"": 25, ""search_internal_result_num"": 50}"
cp,sift1m,OR,spann,8,0.8660000000000002,2.0536880999999996,0,0.0,0.0,1.0,linear,"{""max_check"": 8192, ""overfetch_factor"": 30, ""search_internal_result_num"": 50}"
cp,sift1m,OR,spann,9,0.8670000000000003,2.4296743000000003,1,0.0,0.0,1.0,linear,"{""max_check"": 8192, ""overfetch_factor"": 50, ""search_internal_result_num"": 50}"
cp,sift1m,OR,spann,10,0.8980000000000001,1.8202593,0,0.0,0.0,1.0,linear,"{""max_check"": 4096, ""overfetch_factor"": 25, ""search_internal_result_num"": 0}"
cp,sift1m,OR,spann,11,0.9010000000000002,2.5280003,0,0.0,0.0,1.0,linear,"{""max_check"": 8192, ""overfetch_factor"": 50, ""search_internal_result_num"": 0}"
cp,sift1m,OR,spann,12,0.9010000000000002,3.2577849999999997,1,0.0,0.0,1.0,linear,"{""max_check"": 8192, ""overfetch_factor"": 100, ""search_internal_result_num"": 0}"
cp,sift1m,OR,spann,13,0.9010000000000002,4.3880835,0,0.0,0.0,1.0,linear,"{""max_check"": 8192, ""overfetch_factor"": 200, ""search_internal_result_num"": 0}"
cp,sift1m,OR,spann,14,0.9010000000000002,8.712066700000001,0,0.0,0.0,1.0,linear,"{""max_check"": 8192, ""overfetch_factor"": 500, ""search_internal_result_num"": 0}"
cp,sift1m,OR,spann,15,0.9460000000000001,8.9387113,1,0.0,0.0,1.0,linear,"{""max_check"": 8192, ""overfetch_factor"": 500, ""search_internal_result_num"": 100}"
cp,sift1m,OR,spann,16,0.986,11.4286408,0,0.0,0.0,1.0,linear,"{""max_check"": 16384, ""overfetch_factor"": 500, ""search_internal_result_num"": 200}"
cp,sift1m,OR,spann,17,1.0,21.856142999999996,0,0.0,0.0,1.0,linear,"{""max_check"": 32768, ""overfetch_factor"": 1000, ""search_internal_result_num"": 500}"
cp,sift1m,OR,spann,18,1.0,38.482789000000004,1,0.0,0.0,1.0,linear,"{""max_check"": 32768, ""overfetch_factor"": 2000, ""search_internal_result_num"": 1000}"
cp,sift1m,OR,spann,19,1.0,109.38302000000002,0,0.0,0.0,1.0,linear,"{""max_check"": 32768, ""overfetch_factor"": 5000, ""search_internal_result_num"": 2000}"
cp,sift1m,OR,spann,20,1.0,216.89256999999998,0,0.0,0.0,1.0,linear,"{""max_check"": 32768, ""overfetch_factor"": 10000, ""search_internal_result_num"": 5000}"
cp,yfcc100m,AND,curator,0,0.5375,0.057629,1,0.0,0.0,1.0,linear,"{""pq_M"": 24, ""search_ef"": 8}"
cp,yfcc100m,AND,curator,1,0.67,0.07171275,1,0.0,0.0,1.0,linear,"{""pq_M"": 24, ""search_ef"": 12}"
cp,yfcc100m,AND,curator,2,0.74,0.07665715,1,0.0,0.0,1.0,linear,"{""pq_M"": 24, ""search_ef"": 16}"
cp,yfcc100m,AND,curator,3,0.795,0.08111769999999999,1,0.0,0.0,1.0,linear,"{""pq_M"": 24, ""search_ef"": 24}"
cp,yfcc100m,AND,curator,4,0.8350000000000002,0.11299377499999998,0,0.0,0.0,1.0,linear,"{""pq_M"": 24, ""search_ef"": 32}"
cp,yfcc100m,AND,curator,5,0.8949999999999999,0.12622802500000002,0,0.0,0.0,1.0,linear,"{""pq_M"": 24, ""search_ef"": 48}"
cp,yfcc100m,AND,curator,6,0.9175,0.104689675,1,0.0,0.0,1.0,linear,"{""pq_M"": 24, ""search_ef"": 64}"
cp,yfcc100m,AND,curator,7,0.9375,0.1441068668688276,1,0.0,0.0,1.0,linear,"{""pq_M"": 24, ""search_ef"": 128}"
cp,yfcc100m,AND,curator,8,0.9399999999999998,0.165451,0,0.0,0.0,1.0,linear,"{""pq_M"": 24, ""search_ef"": 256}"
cp,yfcc100m,AND,curator,9,0.9475000000000001,0.20481325000000006,1,0.0,0.0,1.0,linear,"{""pq_M"": 24, ""search_ef"": 512}"
cp,yfcc100m,AND,curator,10,0.9475000000000001,0.20914672500000003,0,0.0,0.0,1.0,linear,"{""pq_M"": 24, ""search_ef"": 2048}"
cp,yfcc100m,AND,curator,11,0.9475000000000001,0.256604525,0,0.0,0.0,1.0,linear,"{""pq_M"": 24, ""search_ef"": 8192}"
cp,yfcc100m,AND,curator,12,0.9475000000000001,0.259511175,0,0.0,0.0,1.0,linear,"{""pq_M"": 24, ""search_ef"": 1024}"
cp,yfcc100m,AND,curator,13,0.9475000000000001,0.262035925,0,0.0,0.0,1.0,linear,"{""pq_M"": 24, ""search_ef"": 4096}"
cp,yfcc100m,AND,diskivf,0,0.5175,9.80363925,1,0.0,0.0,1.0,linear,"{""nprobe"": 20}"
cp,yfcc100m,AND,diskivf,1,0.5575,11.079243250000001,1,0.0,0.0,1.0,linear,"{""nprobe"": 24}"
cp,yfcc100m,AND,diskivf,2,0.6325,13.3637955,1,0.0,0.0,1.0,linear,"{""nprobe"": 32}"
cp,yfcc100m,AND,diskivf,3,0.75,19.16559,1,0.0,0.0,1.0,linear,"{""nprobe"": 48}"
cp,yfcc100m,AND,diskivf,4,0.795,31.305417499999997,1,0.0,0.0,1.0,linear,"{""nprobe"": 64}"
cp,yfcc100m,AND,diskivf,5,0.8425,40.05661,1,0.0,0.0,1.0,linear,"{""nprobe"": 80}"
cp,yfcc100m,AND,diskivf,6,0.8675,83.560375,0,0.0,0.0,1.0,linear,"{""nprobe"": 96}"
cp,yfcc100m,AND,diskivf,7,0.9,187.77138,0,0.0,0.0,1.0,linear,"{""nprobe"": 128}"
cp,yfcc100m,AND,diskivf,8,0.9375,79.11910250000001,1,0.0,0.0,1.0,linear,"{""nprobe"": 160}"
cp,yfcc100m,AND,diskivf,9,0.9574999999999999,98.92711999999997,0,0.0,0.0,1.0,linear,"{""nprobe"": 192}"
cp,yfcc100m,AND,diskivf,10,0.975,138.0198275,1,0.0,0.0,1.0,linear,"{""nprobe"": 256}"
cp,yfcc100m,AND,diskivf,11,0.9949999999999999,229.91015000000002,0,0.0,0.0,1.0,linear,"{""nprobe"": 384}"
cp,yfcc100m,AND,diskivf,12,0.9974999999999999,317.1492,0,0.0,0.0,1.0,linear,"{""nprobe"": 512}"
cp,yfcc100m,AND,diskivf,13,1.0,345.04956875,1,0.0,0.0,1.0,linear,"{""nprobe"": 894}"
cp,yfcc100m,AND,prefilter,0,1.0,111.16287500000001,1,0.0,0.0,1.0,linear,{}
cp,yfcc100m,AND,spann,0,0.5275000000000001,23.786062500000003,1,0.0,0.0,1.0,linear,"{""max_check"": 32768, ""overfetch_factor"": 700, ""search_internal_result_num"": 600}"
cp,yfcc100m,AND,spann,1,0.5825,27.510415000000002,1,0.0,0.0,1.0,linear,"{""max_check"": 32768, ""overfetch_factor"": 800, ""search_internal_result_num"": 700}"
cp,yfcc100m,AND,spann,2,0.6225,28.378680000000003,1,0.0,0.0,1.0,linear,"{""max_check"": 32768, ""overfetch_factor"": 900, ""search_internal_result_num"": 800}"
cp,yfcc100m,AND,spann,3,0.665,35.654875,1,0.0,0.0,1.0,linear,"{""max_check"": 32768, ""overfetch_factor"": 1000, ""search_internal_result_num"": 1000}"
cp,yfcc100m,AND,spann,4,0.76,41.7442925,1,0.0,0.0,1.0,linear,"{""max_check"": 32768, ""overfetch_factor"": 1500, ""search_internal_result_num"": 1000}"
cp,yfcc100m,AND,spann,5,0.865,65.701965,1,0.0,0.0,1.0,linear,"{""max_check"": 32768, ""overfetch_factor"": 2000, ""search_internal_result_num"": 2000}"
cp,yfcc100m,AND,spann,6,0.8975,87.3230725,1,0.0,0.0,1.0,linear,"{""max_check"": 32768, ""overfetch_factor"": 3000, ""search_internal_result_num"": 2000}"
cp,yfcc100m,AND,spann,7,0.9724999999999999,169.243,1,0.0,0.0,1.0,linear,"{""max_check"": 32768, ""overfetch_factor"": 5000, ""search_internal_result_num"": 5000}"
cp,yfcc100m,AND,spann,8,0.9724999999999999,285.026425,0,0.0,0.0,1.0,linear,"{""max_check"": 32768, ""overfetch_factor"": 10000, ""search_internal_result_num"": 5000}"
cp,yfcc100m,AND,spann,9,0.9724999999999999,345.4223,0,0.0,0.0,1.0,linear,"{""max_check"": 65536, ""overfetch_factor"": 20000, ""search_internal_result_num"": 5000}"
matched_recall,arxiv,0.90,curator,0,0.00485,0.7180603721166788,1,0.0,0.0,1.0,linear,"{""bucket"": ""1p""}"
matched_recall,arxiv,0.90,curator,1,0.0078,0.3854810224872074,1,0.0,0.0,1.0,linear,"{""bucket"": ""25p""}"
matched_recall,arxiv,0.90,curator,2,0.01164,0.6840138264927573,1,0.0,0.0,1.0,linear,"{""bucket"": ""50p""}"
matched_recall,arxiv,0.90,curator,3,0.03246625,1.3052532111682504,1,0.0,0.0,1.0,linear,"{""bucket"": ""75p""}"
matched_recall,arxiv,0.90,curator,4,0.057189375,2.2014451105977813,1,0.0,0.0,1.0,linear,"{""bucket"": ""99p""}"
matched_recall,arxiv,0.90,diskivf,0,0.00485,28.512176822650368,1,0.0,0.0,1.0,linear,"{""bucket"": ""1p""}"
matched_recall,arxiv,0.90,diskivf,1,0.0078,10.629545243864923,1,0.0,0.0,1.0,linear,"{""bucket"": ""25p""}"
matched_recall,arxiv,0.90,diskivf,2,0.01164,12.543037786488133,1,0.0,0.0,1.0,linear,"{""bucket"": ""50p""}"
matched_recall,arxiv,0.90,diskivf,3,0.03246625,21.34488470733275,1,0.0,0.0,1.0,linear,"{""bucket"": ""75p""}"
matched_recall,arxiv,0.90,diskivf,4,0.057189375,19.477298204965056,1,0.0,0.0,1.0,linear,"{""bucket"": ""99p""}"
matched_recall,arxiv,0.90,prefilter,0,0.00485,1.651866,1,0.0,0.0,1.0,pchip,"{""bucket"": ""1p""}"
matched_recall,arxiv,0.90,prefilter,1,0.0078,2.4368832,1,0.0,0.0,1.0,pchip,"{""bucket"": ""25p""}"
matched_recall,arxiv,0.90,prefilter,2,0.01164,3.476036774193548,1,0.0,0.0,1.0,pchip,"{""bucket"": ""50p""}"
matched_recall,arxiv,0.90,prefilter,3,0.03246625,7.949673961352658,1,0.0,0.0,1.0,pchip,"{""bucket"": ""75p""}"
matched_recall,arxiv,0.90,prefilter,4,0.057189375,14.555647955801106,1,0.0,0.0,1.0,pchip,"{""bucket"": ""99p""}"
matched_recall,arxiv,0.90,spann,0,0.00485,6.016663011706607,1,0.0,0.0,1.0,linear,"{""bucket"": ""1p""}"
matched_recall,arxiv,0.90,spann,1,0.0078,4.284450399999998,1,0.0,0.0,1.0,linear,"{""bucket"": ""25p""}"
matched_recall,arxiv,0.90,spann,2,0.01164,3.914072517502583,1,0.0,0.0,1.0,linear,"{""bucket"": ""50p""}"
matched_recall,arxiv,0.90,spann,3,0.03246625,3.7370520142140005,1,0.0,0.0,1.0,linear,"{""bucket"": ""75p""}"
matched_recall,arxiv,0.90,spann,4,0.057189375,3.4675342360987638,1,0.0,0.0,1.0,linear,"{""bucket"": ""99p""}"
matched_recall,arxiv,0.95,curator,0,0.00485,1.9111952690575615,1,0.0,0.0,1.0,linear,"{""bucket"": ""1p""}"
matched_recall,arxiv,0.95,curator,1,0.0078,1.1328789630690026,1,0.0,0.0,1.0,linear,"{""bucket"": ""25p""}"
matched_recall,arxiv,0.95,curator,2,0.01164,2.4623415832103643,1,0.0,0.0,1.0,linear,"{""bucket"": ""50p""}"
matched_recall,arxiv,0.95,diskivf,0,0.00485,54.560516526643774,1,0.0,0.0,1.0,linear,"{""bucket"": ""1p""}"
matched_recall,arxiv,0.95,diskivf,1,0.0078,13.788284836288152,1,0.0,0.0,1.0,linear,"{""bucket"": ""25p""}"
matched_recall,arxiv,0.95,diskivf,2,0.01164,23.973285136280584,1,0.0,0.0,1.0,linear,"{""bucket"": ""50p""}"
matched_recall,arxiv,0.95,diskivf,3,0.03246625,35.53559586940952,1,0.0,0.0,1.0,linear,"{""bucket"": ""75p""}"
matched_recall,arxiv,0.95,diskivf,4,0.057189375,36.907612952063765,1,0.0,0.0,1.0,linear,"{""bucket"": ""99p""}"
matched_recall,arxiv,0.95,prefilter,0,0.00485,1.651866,1,0.0,0.0,1.0,pchip,"{""bucket"": ""1p""}"
matched_recall,arxiv,0.95,prefilter,1,0.0078,2.4368832,1,0.0,0.0,1.0,pchip,"{""bucket"": ""25p""}"
matched_recall,arxiv,0.95,prefilter,2,0.01164,3.476036774193548,1,0.0,0.0,1.0,pchip,"{""bucket"": ""50p""}"
matched_recall,arxiv,0.95,prefilter,3,0.03246625,7.949673961352658,1,0.0,0.0,1.0,pchip,"{""bucket"": ""75p""}"
matched_recall,arxiv,0.95,prefilter,4,0.057189375,14.555647955801106,1,0.0,0.0,1.0,pchip,"{""bucket"": ""99p""}"
matched_recall,arxiv,0.95,spann,0,0.00485,21.610384324097783,1,0.0,0.0,1.0,linear,"{""bucket"": ""1p""}"
matched_recall,arxiv,0.95,spann,1,0.0078,4.437190410248802,1,0.0,0.0,1.0,linear,"{""bucket"": ""25p""}"
matched_recall,arxiv,0.95,spann,2,0.01164,4.3857587906114155,1,0.0,0.0,1.0,linear,"{""bucket"": ""50p""}"
matched_recall,arxiv,0.95,spann,3,0.03246625,4.6140897222769555,1,0.0,0.0,1.0,linear,"{""bucket"": ""75p""}"
matched_recall,arxiv,0.95,spann,4,0.057189375,3.8825300709237993,1,0.0,0.0,1.0,linear,"{""bucket"": ""99p""}"
matched_recall,gist1m,0.90,curator,0,0.000508,0.47892328077994173,1,0.0,0.0,1.0,linear,"{""bucket"": ""1p""}"
matched_recall,gist1m,0.90,curator,1,0.004162,0.9966767323457191,1,0.0,0.0,1.0,linear,"{""bucket"": ""25p""}"
matched_recall,gist1m,0.90,curator,2,0.015645,2.1455618101142044,1,0.0,0.0,1.0,linear,"{""bucket"": ""50p""}"
matched_recall,gist1m,0.90,curator,3,0.04141,5.668978514197422,1,0.0,0.0,1.0,linear,"{""bucket"": ""75p""}"
matched_recall,gist1m,0.90,curator,4,0.278492,20.111774999999998,1,0.0,0.0,1.0,linear,"{""bucket"": ""99p""}"
matched_recall,gist1m,0.90,diskivf,0,0.004162,342.9685545688343,1,0.0,0.0,1.0,linear,"{""bucket"": ""25p""}"
matched_recall,gist1m,0.90,diskivf,1,0.015645,212.47313071679832,1,0.0,0.0,1.0,linear,"{""bucket"": ""50p""}"
matched_recall,gist1m,0.90,diskivf,2,0.04141,210.18202863157217,1,0.0,0.0,1.0,linear,"{""bucket"": ""75p""}"
matched_recall,gist1m,0.90,diskivf,3,0.278492,167.86819574885874,1,0.0,0.0,1.0,linear,"{""bucket"": ""99p""}"
matched_recall,gist1m,0.90,prefilter,0,0.000508,0.2581856987951808,1,0.0,0.0,1.0,pchip,"{""bucket"": ""1p""}"
matched_recall,gist1m,0.90,prefilter,1,0.004162,1.9466981999999997,1,0.0,0.0,1.0,pchip,"{""bucket"": ""25p""}"
matched_recall,gist1m,0.90,prefilter,2,0.015645,7.066349509433962,1,0.0,0.0,1.0,pchip,"{""bucket"": ""50p""}"
matched_recall,gist1m,0.90,prefilter,3,0.04141,29.253635588235294,1,0.0,0.0,1.0,pchip,"{""bucket"": ""75p""}"
matched_recall,gist1m,0.90,prefilter,4,0.278492,112.74941666666668,1,0.0,0.0,1.0,pchip,"{""bucket"": ""99p""}"
matched_recall,gist1m,0.90,spann,0,0.004162,101.01435464457647,1,0.0,0.0,1.0,linear,"{""bucket"": ""25p""}"
matched_recall,gist1m,0.90,spann,1,0.015645,54.169614582875795,1,0.0,0.0,1.0,linear,"{""bucket"": ""50p""}"
matched_recall,gist1m,0.90,spann,2,0.04141,41.99454890694644,1,0.0,0.0,1.0,linear,"{""bucket"": ""75p""}"
matched_recall,gist1m,0.90,spann,3,0.278492,31.212477687999854,1,0.0,0.0,1.0,linear,"{""bucket"": ""99p""}"
matched_recall,gist1m,0.95,curator,0,0.000508,0.5227823822258023,1,0.0,0.0,1.0,linear,"{""bucket"": ""1p""}"
matched_recall,gist1m,0.95,curator,1,0.004162,1.0482923734239042,1,0.0,0.0,1.0,linear,"{""bucket"": ""25p""}"
matched_recall,gist1m,0.95,curator,2,0.015645,2.664631573610907,1,0.0,0.0,1.0,linear,"{""bucket"": ""50p""}"
matched_recall,gist1m,0.95,curator,3,0.04141,10.524025225562836,1,0.0,0.0,1.0,linear,"{""bucket"": ""75p""}"
matched_recall,gist1m,0.95,curator,4,0.278492,26.277608333333333,1,0.0,0.0,1.0,linear,"{""bucket"": ""99p""}"
matched_recall,gist1m,0.95,diskivf,0,0.015645,309.68540014372854,1,0.0,0.0,1.0,linear,"{""bucket"": ""50p""}"
matched_recall,gist1m,0.95,diskivf,1,0.04141,320.6959789665611,1,0.0,0.0,1.0,linear,"{""bucket"": ""75p""}"
matched_recall,gist1m,0.95,diskivf,2,0.278492,242.6189641868573,1,0.0,0.0,1.0,linear,"{""bucket"": ""99p""}"
matched_recall,gist1m,0.95,prefilter,0,0.000508,0.2581856987951808,1,0.0,0.0,1.0,pchip,"{""bucket"": ""1p""}"
matched_recall,gist1m,0.95,prefilter,1,0.004162,1.9466981999999997,1,0.0,0.0,1.0,pchip,"{""bucket"": ""25p""}"
matched_recall,gist1m,0.95,prefilter,2,0.015645,7.066349509433962,1,0.0,0.0,1.0,pchip,"{""bucket"": ""50p""}"
matched_recall,gist1m,0.95,prefilter,3,0.04141,29.253635588235294,1,0.0,0.0,1.0,pchip,"{""bucket"": ""75p""}"
matched_recall,gist1m,0.95,prefilter,4,0.278492,112.74941666666668,1,0.0,0.0,1.0,pchip,"{""bucket"": ""99p""}"
matched_recall,gist1m,0.95,spann,0,0.004162,209.82658632838326,1,0.0,0.0,1.0,linear,"{""bucket"": ""25p""}"
matched_recall,gist1m,0.95,spann,1,0.015645,86.99376318506667,1,0.0,0.0,1.0,linear,"{""bucket"": ""50p""}"
matched_recall,gist1m,0.95,spann,2,0.04141,68.75294374452247,1,0.0,0.0,1.0,linear,"{""bucket"": ""75p""}"
matched_recall,gist1m,0.95,spann,3,0.278492,34.360588543777304,1,0.0,0.0,1.0,linear,"{""bucket"": ""99p""}"
matched_recall,sift1m,0.90,curator,0,0.0005,0.06636315000747657,1,0.0,0.0,1.0,linear,"{""bucket"": ""1p""}"
matched_recall,sift1m,0.90,curator,1,0.003995,0.14436840568520054,1,0.0,0.0,1.0,linear,"{""bucket"": ""25p""}"
matched_recall,sift1m,0.90,curator,2,0.014924,0.2630103564415743,1,0.0,0.0,1.0,linear,"{""bucket"": ""50p""}"
matched_recall,sift1m,0.90,curator,3,0.039478,0.39183211572773674,1,0.0,0.0,1.0,linear,"{""bucket"": ""75p""}"
matched_recall,sift1m,0.90,curator,4,0.270868,1.2910770307539035,1,0.0,0.0,1.0,linear,"{""bucket"": ""99p""}"
matched_recall,sift1m,0.90,diskivf,0,0.0005,43.241876499152816,1,0.0,0.0,1.0,linear,"{""bucket"": ""1p""}"
matched_recall,sift1m,0.90,diskivf,1,0.003995,18.985645248893473,1,0.0,0.0,1.0,linear,"{""bucket"": ""25p""}"
matched_recall,sift1m,0.90,diskivf,2,0.014924,12.51843700645827,1,0.0,0.0,1.0,linear,"{""bucket"": ""50p""}"
matched_recall,sift1m,0.90,diskivf,3,0.039478,8.892901381854502,1,0.0,0.0,1.0,linear,"{""bucket"": ""75p""}"
matched_recall,sift1m,0.90,diskivf,4,0.270868,7.406715769721302,1,0.0,0.0,1.0,linear,"{""bucket"": ""99p""}"
matched_recall,sift1m,0.90,prefilter,0,0.0005,0.05855945,1,0.0,0.0,1.0,pchip,"{""bucket"": ""1p""}"
matched_recall,sift1m,0.90,prefilter,1,0.003995,0.4290107821782178,1,0.0,0.0,1.0,pchip,"{""bucket"": ""25p""}"
matched_recall,sift1m,0.90,prefilter,2,0.014924,1.3464938013245031,1,0.0,0.0,1.0,pchip,"{""bucket"": ""50p""}"
matched_recall,sift1m,0.90,prefilter,3,0.039478,4.963332629757785,1,0.0,0.0,1.0,pchip,"{""bucket"": ""75p""}"
matched_recall,sift1m,0.90,prefilter,4,0.270868,19.189567391304347,1,0.0,0.0,1.0,pchip,"{""bucket"": ""99p""}"
matched_recall,sift1m,0.90,spann,0,0.0005,109.13661003716317,1,0.0,0.0,1.0,linear,"{""bucket"": ""1p""}"
matched_recall,sift1m,0.90,spann,1,0.003995,12.988657476033731,1,0.0,0.0,1.0,linear,"{""bucket"": ""25p""}"
matched_recall,sift1m,0.90,spann,2,0.014924,8.409248442574425,1,0.0,0.0,1.0,linear,"{""bucket"": ""50p""}"
matched_recall,sift1m,0.90,spann,3,0.039478,3.3861361917476476,1,0.0,0.0,1.0,linear,"{""bucket"": ""75p""}"
matched_recall,sift1m,0.90,spann,4,0.270868,1.7354301155293799,1,0.0,0.0,1.0,linear,"{""bucket"": ""99p""}"
matched_recall,sift1m,0.95,curator,0,0.0005,0.0835996133063778,1,0.0,0.0,1.0,linear,"{""bucket"": ""1p""}"
matched_recall,sift1m,0.95,curator,1,0.003995,0.19240670463882115,1,0.0,0.0,1.0,linear,"{""bucket"": ""25p""}"
matched_recall,sift1m,0.95,curator,2,0.014924,0.4667056603906773,1,0.0,0.0,1.0,linear,"{""bucket"": ""50p""}"
matched_recall,sift1m,0.95,curator,3,0.039478,0.7612343927011873,1,0.0,0.0,1.0,linear,"{""bucket"": ""75p""}"
matched_recall,sift1m,0.95,curator,4,0.270868,2.7856355740980017,1,0.0,0.0,1.0,linear,"{""bucket"": ""99p""}"
matched_recall,sift1m,0.95,diskivf,0,0.0005,61.3270201811673,1,0.0,0.0,1.0,linear,"{""bucket"": ""1p""}"
matched_recall,sift1m,0.95,diskivf,1,0.003995,29.76476702094124,1,0.0,0.0,1.0,linear,"{""bucket"": ""25p""}"
matched_recall,sift1m,0.95,diskivf,2,0.014924,20.65273344121331,1,0.0,0.0,1.0,linear,"{""bucket"": ""50p""}"
matched_recall,sift1m,0.95,diskivf,3,0.039478,14.412255097677807,1,0.0,0.0,1.0,linear,"{""bucket"": ""75p""}"
matched_recall,sift1m,0.95,diskivf,4,0.270868,13.1701065834069,1,0.0,0.0,1.0,linear,"{""bucket"": ""99p""}"
matched_recall,sift1m,0.95,prefilter,0,0.0005,0.05855945,1,0.0,0.0,1.0,pchip,"{""bucket"": ""1p""}"
matched_recall,sift1m,0.95,prefilter,1,0.003995,0.4290107821782178,1,0.0,0.0,1.0,pchip,"{""bucket"": ""25p""}"
matched_recall,sift1m,0.95,prefilter,2,0.014924,1.3464938013245031,1,0.0,0.0,1.0,pchip,"{""bucket"": ""50p""}"
matched_recall,sift1m,0.95,prefilter,3,0.039478,4.963332629757785,1,0.0,0.0,1.0,pchip,"{""bucket"": ""75p""}"
matched_recall,sift1m,0.95,prefilter,4,0.270868,19.189567391304347,1,0.0,0.0,1.0,pchip,"{""bucket"": ""99p""}"
matched_recall,sift1m,0.95,spann,0,0.003995,17.836496748296526,1,0.0,0.0,1.0,linear,"{""bucket"": ""25p""}"
matched_recall,sift1m,0.95,spann,1,0.014924,11.627093136372846,1,0.0,0.0,1.0,linear,"{""bucket"": ""50p""}"
matched_recall,sift1m,0.95,spann,2,0.039478,7.207295347976034,1,0.0,0.0,1.0,linear,"{""bucket"": ""75p""}"
matched_recall,sift1m,0.95,spann,3,0.270868,1.7811278519203904,1,0.0,0.0,1.0,linear,"{""bucket"": ""99p""}"
matched_recall,yfcc100m,0.90,curator,0,0.00191625,0.13503792772495454,1,0.0,0.0,1.0,linear,"{""bucket"": ""1p""}"
matched_recall,yfcc100m,0.90,curator,1,0.00633875,0.25338772222222206,1,0.0,0.0,1.0,linear,"{""bucket"": ""25p""}"
matched_recall,yfcc100m,0.90,curator,2,0.009388750000000001,0.30254812500000017,1,0.0,0.0,1.0,linear,"{""bucket"": ""50p""}"
matched_recall,yfcc100m,0.90,curator,3,0.02273125,0.25769059563617763,1,0.0,0.0,1.0,linear,"{""bucket"": ""75p""}"
matched_recall,yfcc100m,0.90,curator,4,0.0942975,0.31079972958136964,1,0.0,0.0,1.0,linear,"{""bucket"": ""99p""}"
matched_recall,yfcc100m,0.90,diskivf,0,0.00191625,5.993009999999999,1,0.0,0.0,1.0,linear,"{""bucket"": ""1p""}"
matched_recall,yfcc100m,0.90,diskivf,1,0.00633875,14.601670094120433,1,0.0,0.0,1.0,linear,"{""bucket"": ""25p""}"
matched_recall,yfcc100m,0.90,diskivf,2,0.009388750000000001,5.1474970809258975,1,0.0,0.0,1.0,linear,"{""bucket"": ""50p""}"
matched_recall,yfcc100m,0.90,diskivf,3,0.02273125,4.786253784555982,1,0.0,0.0,1.0,linear,"{""bucket"": ""75p""}"
matched_recall,yfcc100m,0.90,diskivf,4,0.0942975,3.590472981793252,1,0.0,0.0,1.0,linear,"{""bucket"": ""99p""}"
matched_recall,yfcc100m,0.90,prefilter,0,0.00191625,0.2584515,1,0.0,0.0,1.0,pchip,"{""bucket"": ""1p""}"
matched_recall,yfcc100m,0.90,prefilter,1,0.00633875,0.8313812222222222,1,0.0,0.0,1.0,pchip,"{""bucket"": ""25p""}"
matched_recall,yfcc100m,0.90,prefilter,2,0.009388750000000001,1.21169690625,1,0.0,0.0,1.0,pchip,"{""bucket"": ""50p""}"
matched_recall,yfcc100m,0.90,prefilter,3,0.02273125,3.239395943396226,1,0.0,0.0,1.0,pchip,"{""bucket"": ""75p""}"
matched_recall,yfcc100m,0.90,prefilter,4,0.0942975,14.915625672514619,1,0.0,0.0,1.0,pchip,"{""bucket"": ""99p""}"
matched_recall,yfcc100m,0.90,spann,0,0.00191625,26.580500000000008,1,0.0,0.0,1.0,linear,"{""bucket"": ""1p""}"
matched_recall,yfcc100m,0.90,spann,1,0.00633875,16.82297100581757,1,0.0,0.0,1.0,linear,"{""bucket"": ""25p""}"
matched_recall,yfcc100m,0.90,spann,2,0.009388750000000001,10.670619005207824,1,0.0,0.0,1.0,linear,"{""bucket"": ""50p""}"
matched_recall,yfcc100m,0.90,spann,3,0.02273125,4.233873578326706,1,0.0,0.0,1.0,linear,"{""bucket"": ""75p""}"
matched_recall,yfcc100m,0.90,spann,4,0.0942975,2.589625292397661,1,0.0,0.0,1.0,linear,"{""bucket"": ""99p""}"
matched_recall,yfcc100m,0.95,curator,0,0.00191625,0.14051050000000004,1,0.0,0.0,1.0,linear,"{""bucket"": ""1p""}"
matched_recall,yfcc100m,0.95,curator,1,0.00633875,0.30030822308237787,1,0.0,0.0,1.0,linear,"{""bucket"": ""25p""}"
matched_recall,yfcc100m,0.95,curator,2,0.009388750000000001,0.37004221874999993,1,0.0,0.0,1.0,linear,"{""bucket"": ""50p""}"
matched_recall,yfcc100m,0.95,curator,3,0.02273125,0.37561194334126824,1,0.0,0.0,1.0,linear,"{""bucket"": ""75p""}"
matched_recall,yfcc100m,0.95,curator,4,0.0942975,0.5823649734643644,1,0.0,0.0,1.0,linear,"{""bucket"": ""99p""}"
matched_recall,yfcc100m,0.95,diskivf,0,0.00191625,6.308630000000002,1,0.0,0.0,1.0,linear,"{""bucket"": ""1p""}"
matched_recall,yfcc100m,0.95,diskivf,1,0.00633875,35.03091117520914,1,0.0,0.0,1.0,linear,"{""bucket"": ""25p""}"
matched_recall,yfcc100m,0.95,diskivf,2,0.009388750000000001,8.771376067447378,1,0.0,0.0,1.0,linear,"{""bucket"": ""50p""}"
matched_recall,yfcc100m,0.95,diskivf,3,0.02273125,8.825595566037736,1,0.0,0.0,1.0,linear,"{""bucket"": ""75p""}"
matched_recall,yfcc100m,0.95,diskivf,4,0.0942975,5.691917339321785,1,0.0,0.0,1.0,linear,"{""bucket"": ""99p""}"
matched_recall,yfcc100m,0.95,prefilter,0,0.00191625,0.2584515,1,0.0,0.0,1.0,pchip,"{""bucket"": ""1p""}"
matched_recall,yfcc100m,0.95,prefilter,1,0.00633875,0.8313812222222222,1,0.0,0.0,1.0,pchip,"{""bucket"": ""25p""}"
matched_recall,yfcc100m,0.95,prefilter,2,0.009388750000000001,1.21169690625,1,0.0,0.0,1.0,pchip,"{""bucket"": ""50p""}"
matched_recall,yfcc100m,0.95,prefilter,3,0.02273125,3.239395943396226,1,0.0,0.0,1.0,pchip,"{""bucket"": ""75p""}"
matched_recall,yfcc100m,0.95,prefilter,4,0.0942975,14.915625672514619,1,0.0,0.0,1.0,pchip,"{""bucket"": ""99p""}"
matched_recall,yfcc100m,0.95,spann,0,0.00191625,35.68875252863287,1,0.0,0.0,1.0,linear,"{""bucket"": ""1p""}"
matched_recall,yfcc100m,0.95,spann,1,0.00633875,25.01692777777778,1,0.0,0.0,1.0,linear,"{""bucket"": ""25p""}"
matched_recall,yfcc100m,0.95,spann,2,0.009388750000000001,14.973962345364338,1,0.0,0.0,1.0,linear,"{""bucket"": ""50p""}"
matched_recall,yfcc100m,0.95,spann,3,0.02273125,11.002396964786659,1,0.0,0.0,1.0,linear,"{""bucket"": ""75p""}"
matched_recall,yfcc100m,0.95,spann,4,0.0942975,2.589625292397661,1,0.0,0.0,1.0,linear,"{""bucket"": ""99p""}"
sl,arxiv,1p,curator,0,0.552,0.14811684000000003,1,0.0,0.0,1.0,linear,"{""pq_M"": 48, ""search_ef"": 12}"
sl,arxiv,1p,curator,1,0.592,0.16613564,1,0.0,0.0,1.0,linear,"{""pq_M"": 48, ""search_ef"": 16}"
sl,arxiv,1p,curator,2,0.6399999999999999,0.22150848000000006,0,0.0,0.0,1.0,linear,"{""pq_M"": 48, ""search_ef"": 24}"
sl,arxiv,1p,curator,3,0.676,0.1986246,1,0.0,0.0,1.0,linear,"{""pq_M"": 48, ""search_ef"": 32}"
sl,arxiv,1p,curator,4,0.72,0.26330352,0,0.0,0.0,1.0,linear,"{""pq_M"": 48, ""search_ef"": 48}"
sl,arxiv,1p,curator,5,0.736,0.248294,1,0.0,0.0,1.0,linear,"{""pq_M"": 48, ""search_ef"": 64}"
sl,arxiv,1p,curator,6,0.78,0.31834255999999994,1,0.0,0.0,1.0,linear,"{""pq_M"": 48, ""search_ef"": 128}"
sl,arxiv,1p,curator,7,0.824,0.37113060000000003,1,0.0,0.0,1.0,linear,"{""pq_M"": 48, ""search_ef"": 256}"
sl,arxiv,1p,curator,8,0.8639999999999999,0.52727052,0,0.0,0.0,1.0,linear,"{""pq_M"": 48, ""search_ef"": 512}"
sl,arxiv,1p,curator,9,0.912,0.7959212800000001,1,0.0,0.0,1.0,linear,"{""pq_M"": 48, ""search_ef"": 1024}"
sl,arxiv,1p,curator,10,0.94,1.26503,1,0.0,0.0,1.0,linear,"{""pq_M"": 48, ""search_ef"": 2048}"
sl,arxiv,1p,curator,11,0.96,2.8874155999999997,1,0.0,0.0,1.0,linear,"{""pq_M"": 48, ""search_ef"": 4096}"
sl,arxiv,1p,curator,12,0.96,6.4115204000000015,0,0.0,0.0,1.0,linear,"{""pq_M"": 48, ""search_ef"": 8192}"
sl,arxiv,1p,curator,13,0.96,7.278912399999999,0,0.0,0.0,1.0,linear,"{""pq_M"": 48, ""search_ef"": 65536}"
sl,arxiv,1p,curator,14,0.96,9.940742,0,0.0,0.0,1.0,linear,"{""pq_M"": 48, ""search_ef"": 32768}"
sl,arxiv,1p,curator,15,0.96,11.750896000000001,0,0.0,0.0,1.0,linear,"{""pq_M"": 48, ""search_ef"": 16384}"
sl,arxiv,1p,diskivf,0,0.5519999999999999,5.302476400000001,1,0.0,0.0,1.0,linear,"{""nlist"": 1265, ""nprobe"": 2}"
sl,arxiv,1p,diskivf,1,0.6839999999999999,6.1146812,1,0.0,0.0,1.0,linear,"{""nlist"": 1265, ""nprobe"": 3}"
sl,arxiv,1p,diskivf,2,0.7040000000000001,7.7412512,1,0.0,0.0,1.0,linear,"{""nlist"": 1265, ""nprobe"": 4}"
sl,arxiv,1p,diskivf,3,0.7559999999999999,8.4708368,1,0.0,0.0,1.0,linear,"{""nlist"": 1265, ""nprobe"": 5}"
sl,arxiv,1p,diskivf,4,0.78,8.220312799999999,0,0.0,0.0,1.0,linear,"{""nlist"": 1265, ""nprobe"": 6}"
sl,arxiv,1p,diskivf,5,0.82,11.787132000000001,1,0.0,0.0,1.0,linear,"{""nlist"": 1265, ""nprobe"": 8}"
sl,arxiv,1p,diskivf,6,0.828,12.589169199999999,0,0.0,0.0,1.0,linear,"{""nlist"": 1265, ""nprobe"": 10}"
sl,arxiv,1p,diskivf,7,0.8440000000000001,17.2012116,1,0.0,0.0,1.0,linear,"{""nlist"": 1265, ""nprobe"": 12}"
sl,arxiv,1p,diskivf,8,0.8959999999999999,28.202440000000003,0,0.0,0.0,1.0,linear,"{""nlist"": 1265, ""nprobe"": 16}"
sl,arxiv,1p,diskivf,9,0.9119999999999999,35.310936,0,0.0,0.0,1.0,linear,"{""nlist"": 1265, ""nprobe"": 20}"
sl,arxiv,1p,diskivf,10,0.924,30.443356000000005,0,0.0,0.0,1.0,linear,"{""nlist"": 1265, ""nprobe"": 24}"
sl,arxiv,1p,diskivf,11,0.924,42.862376,1,0.0,0.0,1.0,linear,"{""nlist"": 1265, ""nprobe"": 32}"
sl,arxiv,1p,diskivf,12,0.9519999999999998,57.064983999999995,0,0.0,0.0,1.0,linear,"{""nlist"": 1265, ""nprobe"": 48}"
sl,arxiv,1p,diskivf,13,0.9640000000000001,86.40237599999999,0,0.0,0.0,1.0,linear,"{""nlist"": 1265, ""nprobe"": 64}"
sl,arxiv,1p,diskivf,14,0.9719999999999999,104.15586800000001,1,0.0,0.0,1.0,linear,"{""nlist"": 1265, ""nprobe"": 80}"
sl,arxiv,1p,diskivf,15,0.98,127.62865200000002,0,0.0,0.0,1.0,linear,"{""nlist"": 1265, ""nprobe"": 96}"
sl,arxiv,1p,diskivf,16,0.988,171.91475200000002,0,0.0,0.0,1.0,linear,"{""nlist"": 1265, ""nprobe"": 128}"
sl,arxiv,1p,diskivf,17,0.996,260.38967,1,0.0,0.0,1.0,linear,"{""nlist"": 1265, ""nprobe"": 192}"
sl,arxiv,1p,diskivf,18,0.996,346.99536,0,0.0,0.0,1.0,linear,"{""nlist"": 1265, ""nprobe"": 256}"
sl,arxiv,1p,prefilter,0,1.0,1.651866,1,0.0,0.0,1.0,linear,{}
sl,arxiv,1p,spann,0,0.52,3.9668176000000006,1,0.0,0.0,1.0,linear,"{""max_check"": 8192, ""overfetch_factor"": 2.0, ""search_internal_result_num"": 0}"
sl,arxiv,1p,spann,1,0.624,3.8551100000000007,0,0.0,0.0,1.0,linear,"{""max_check"": 8192, ""overfetch_factor"": 3.0, ""search_internal_result_num"": 0}"
sl,arxiv,1p,spann,2,0.676,3.9668176000000006,1,0.0,0.0,1.0,linear,"{""max_check"": 8192, ""overfetch_factor"": 4.0, ""search_internal_result_num"": 0}"
sl,arxiv,1p,spann,3,0.708,3.9668176000000006,1,0.0,0.0,1.0,linear,"{""max_check"": 8192, ""overfetch_factor"": 5.0, ""search_internal_result_num"": 0}"
sl,arxiv,1p,spann,4,0.7080000000000001,3.6637872,0,0.0,0.0,1.0,linear,"{""max_check"": 2048, ""overfetch_factor"": 5.0, ""search_internal_result_num"": 0}"
sl,arxiv,1p,spann,5,0.784,4.1007148,1,0.0,0.0,1.0,linear,"{""max_check"": 8192, ""overfetch_factor"": 7.0, ""search_internal_result_num"": 0}"
sl,arxiv,1p,spann,6,0.8,4.1563,0,0.0,0.0,1.0,linear,"{""max_check"": 8192, ""overfetch_factor"": 8.0, ""search_internal_result_num"": 0}"
sl,arxiv,1p,spann,7,0.8199999999999998,4.7573416,1,0.0,0.0,1.0,linear,"{""max_check"": 8192, ""overfetch_factor"": 10.0, ""search_internal_result_num"": 0}"
sl,arxiv,1p,spann,8,0.8399999999999999,4.4409544,0,0.0,0.0,1.0,linear,"{""max_check"": 8192, ""overfetch_factor"": 12.0, ""search_internal_result_num"": 0}"
sl,arxiv,1p,spann,9,0.8599999999999999,4.521837199999999,0,0.0,0.0,1.0,linear,"{""max_check"": 8192, ""overfetch_factor"": 15.0, ""search_internal_result_num"": 0}"
sl,arxiv,1p,spann,10,0.8599999999999999,5.5833108,0,0.0,0.0,1.0,linear,"{""max_check"": 16384, ""overfetch_factor"": 15.0, ""search_internal_result_num"": 0}"
sl,arxiv,1p,spann,11,0.88,5.7232372,0,0.0,0.0,1.0,linear,"{""max_check"": 8192, ""overfetch_factor"": 20.0, ""search_internal_result_num"": 0}"
sl,arxiv,1p,spann,12,0.8839999999999999,4.5291128,0,0.0,0.0,1.0,linear,"{""max_check"": 4096, ""overfetch_factor"": 25.0, ""search_internal_result_num"": 0}"
sl,arxiv,1p,spann,13,0.8839999999999999,5.6060436000000005,0,0.0,0.0,1.0,linear,"{""max_check"": 8192, ""overfetch_factor"": 25.0, ""search_internal_result_num"": 0}"
sl,arxiv,1p,spann,14,0.8839999999999999,6.072875600000001,0,0.0,0.0,1.0,linear,"{""max_check"": 16384, ""overfetch_factor"": 25.0, ""search_internal_result_num"": 0}"
sl,arxiv,1p,spann,15,0.888,5.6340456,0,0.0,0.0,1.0,linear,"{""max_check"": 8192, ""overfetch_factor"": 30.0, ""search_internal_result_num"": 0}"
sl,arxiv,1p,spann,16,0.892,5.989108,0,0.0,0.0,1.0,linear,"{""max_check"": 8192, ""overfetch_factor"": 40.0, ""search_internal_result_num"": 0}"
sl,arxiv,1p,spann,17,0.892,6.6428199999999995,1,0.0,0.0,1.0,linear,"{""max_check"": 16384, ""overfetch_factor"": 40.0, ""search_internal_result_num"": 0}"
sl,arxiv,1p,spann,18,0.9079999999999999,6.0443448,0,0.0,0.0,1.0,linear,"{""max_check"": 8192, ""overfetch_factor"": 50.0, ""search_internal_result_num"": 0}"
sl,arxiv,1p,spann,19,0.912,6.5821524,0,0.0,0.0,1.0,linear,"{""max_check"": 8192, ""overfetch_factor"": 75.0, ""search_internal_result_num"": 0}"
sl,arxiv,1p,spann,20,0.9159999999999999,6.845792800000001,0,0.0,0.0,1.0,linear,"{""max_check"": 8192, ""overfetch_factor"": 100.0, ""search_internal_result_num"": 0}"
sl,arxiv,1p,spann,21,0.9159999999999999,9.0323108,0,0.0,0.0,1.0,linear,"{""max_check"": 8192, ""overfetch_factor"": 150.0, ""search_internal_result_num"": 0}"
sl,arxiv,1p,spann,22,0.9159999999999999,9.2976436,0,0.0,0.0,1.0,linear,"{""max_check"": 8192, ""overfetch_factor"": 200.0, ""search_internal_result_num"": 0}"
sl,arxiv,1p,spann,23,0.9159999999999999,10.309547199999999,1,0.0,0.0,1.0,linear,"{""max_check"": 8192, ""overfetch_factor"": 250.0, ""search_internal_result_num"": 0}"
sl,arxiv,1p,spann,24,0.9159999999999999,16.39764,0,0.0,0.0,1.0,linear,"{""max_check"": 8192, ""overfetch_factor"": 500.0, ""search_internal_result_num"": 0}"
sl,arxiv,1p,spann,25,0.9159999999999999,28.10414,0,0.0,0.0,1.0,linear,"{""max_check"": 32768, ""overfetch_factor"": 1000.0, ""search_internal_result_num"": 0}"
sl,arxiv,1p,spann,26,0.936,18.069784,1,0.0,0.0,1.0,linear,"{""max_check"": 8192, ""overfetch_factor"": 500.0, ""search_internal_result_num"": 100}"
sl,arxiv,1p,spann,27,0.96,24.55666,0,0.0,0.0,1.0,linear,"{""max_check"": 16384, ""overfetch_factor"": 500.0, ""search_internal_result_num"": 200}"
sl,arxiv,1p,spann,28,0.992,45.174459999999996,0,0.0,0.0,1.0,linear,"{""max_check"": 32768, ""overfetch_factor"": 1000.0, ""search_internal_result_num"": 500}"
sl,arxiv,1p,spann,29,0.992,68.00603199999999,1,0.0,0.0,1.0,linear,"{""max_check"": 32768, ""overfetch_factor"": 1000.0, ""search_internal_result_num"": 1000}"
sl,arxiv,1p,spann,30,0.992,90.334092,0,0.0,0.0,1.0,linear,"{""max_check"": 32768, ""overfetch_factor"": 2000.0, ""search_internal_result_num"": 1000}"
sl,arxiv,1p,spann,31,0.992,191.13504,0,0.0,0.0,1.0,linear,"{""max_check"": 65536, ""overfetch_factor"": 5000.0, ""search_internal_result_num"": 2000}"
sl,arxiv,25p,curator,0,0.5880000000000001,0.15930468,1,0.0,0.0,1.0,linear,"{""pq_M"": 48, ""search_ef"": 12}"
sl,arxiv,25p,curator,1,0.62,0.17498840000000002,1,0.0,0.0,1.0,linear,"{""pq_M"": 48, ""search_ef"": 16}"
sl,arxiv,25p,curator,2,0.6799999999999998,0.23446947999999995,0,0.0,0.0,1.0,linear,"{""pq_M"": 48, ""search_ef"": 24}"
sl,arxiv,25p,curator,3,0.7,0.18443496,1,0.0,0.0,1.0,linear,"{""pq_M"": 48, ""search_ef"": 32}"
sl,arxiv,25p,curator,4,0.7519999999999999,0.24036155999999997,0,0.0,0.0,1.0,linear,"{""pq_M"": 48, ""search_ef"": 48}"
sl,arxiv,25p,curator,5,0.772,0.23535783999999998,1,0.0,0.0,1.0,linear,"{""pq_M"": 48, ""search_ef"": 64}"
sl,arxiv,25p,curator,6,0.836,0.2822368,1,0.0,0.0,1.0,linear,"{""pq_M"": 48, ""search_ef"": 128}"
sl,arxiv,25p,curator,7,0.908,0.40079904,1,0.0,0.0,1.0,linear,"{""pq_M"": 48, ""search_ef"": 256}"
sl,arxiv,25p,curator,8,0.916,0.58243156,1,0.024,0.0,1.0,linear,"{""pq_M"": 48, ""search_ef"": 512}"
sl,arxiv,25p,curator,9,0.9440000000000001,0.89846888,1,0.0,0.0,1.0,linear,"{""pq_M"": 48, ""search_ef"": 1024}"
sl,arxiv,25p,curator,10,0.956,1.42844652,0,0.0,0.0,1.0,linear,"{""pq_M"": 48, ""search_ef"": 2048}"
sl,arxiv,25p,curator,11,0.956,2.8059840000000005,0,0.0,0.0,1.0,linear,"{""pq_M"": 48, ""search_ef"": 4096}"
sl,arxiv,25p,curator,12,0.96,2.2461722,1,0.0,0.0,1.0,linear,"{""pq_M"": 48, ""search_ef"": 8192}"
sl,arxiv,25p,curator,13,0.96,15.749340800000002,0,0.0,0.0,1.0,linear,"{""pq_M"": 48, ""search_ef"": 65536}"
sl,arxiv,25p,curator,14,0.96,19.082892400000002,0,0.0,0.0,1.0,linear,"{""pq_M"": 48, ""search_ef"": 32768}"
sl,arxiv,25p,curator,15,0.96,24.375412,0,0.0,0.0,1.0,linear,"{""pq_M"": 48, ""search_ef"": 16384}"
sl,arxiv,25p,diskivf,0,0.54,4.983676920000001,1,0.0,0.0,1.0,linear,"{""nlist"": 1265, ""nprobe"": 1}"
sl,arxiv,25p,diskivf,1,0.688,5.2709703999999995,1,0.0,0.0,1.0,linear,"{""nlist"": 1265, ""nprobe"": 2}"
sl,arxiv,25p,diskivf,2,0.788,6.421880799999999,1,0.0,0.0,1.0,linear,"{""nlist"": 1265, ""nprobe"": 3}"
sl,arxiv,25p,diskivf,3,0.82,7.6560820000000005,1,0.0,0.0,1.0,linear,"{""nlist"": 1265, ""nprobe"": 4}"
sl,arxiv,25p,diskivf,4,0.868,8.2590924,1,0.0,0.0,1.0,linear,"{""nlist"": 1265, ""nprobe"": 5}"
sl,arxiv,25p,diskivf,5,0.888,9.968372800000001,1,0.0,0.0,1.0,linear,"{""nlist"": 1265, ""nprobe"": 6}"
sl,arxiv,25p,diskivf,6,0.924,12.0863596,1,0.0,0.0,1.0,linear,"{""nlist"": 1265, ""nprobe"": 8}"
sl,arxiv,25p,diskivf,7,0.956,14.213912799999996,0,0.0,0.0,1.0,linear,"{""nlist"": 1265, ""nprobe"": 10}"
sl,arxiv,25p,diskivf,8,0.964,16.8241644,0,0.0,0.0,1.0,linear,"{""nlist"": 1265, ""nprobe"": 12}"
sl,arxiv,25p,diskivf,9,0.976,23.152112,0,0.0,0.0,1.0,linear,"{""nlist"": 1265, ""nprobe"": 16}"
sl,arxiv,25p,diskivf,10,0.976,30.215899,1,0.0,0.0,1.0,linear,"{""nlist"": 1265, ""nprobe"": 20}"
sl,arxiv,25p,diskivf,11,0.9840000000000001,33.086968000000006,0,0.0,0.0,1.0,linear,"{""nlist"": 1265, ""nprobe"": 24}"
sl,arxiv,25p,diskivf,12,0.992,43.77666,0,0.0,0.0,1.0,linear,"{""nlist"": 1265, ""nprobe"": 32}"
sl,arxiv,25p,diskivf,13,0.992,61.77844799999998,0,0.0,0.0,1.0,linear,"{""nlist"": 1265, ""nprobe"": 48}"
sl,arxiv,25p,diskivf,14,0.992,89.67109199999999,0,0.0,0.0,1.0,linear,"{""nlist"": 1265, ""nprobe"": 64}"
sl,arxiv,25p,diskivf,15,0.992,106.92688400000003,0,0.0,0.0,1.0,linear,"{""nlist"": 1265, ""nprobe"": 80}"
sl,arxiv,25p,diskivf,16,0.996,120.56437200000003,0,0.0,0.0,1.0,linear,"{""nlist"": 1265, ""nprobe"": 96}"
sl,arxiv,25p,diskivf,17,0.996,164.017968,0,0.0,0.0,1.0,linear,"{""nlist"": 1265, ""nprobe"": 128}"
sl,arxiv,25p,diskivf,18,1.0,75.5397475,1,0.0,0.0,1.0,linear,"{""nlist"": 1265, ""nprobe"": 192}"
sl,arxiv,25p,diskivf,19,1.0,337.08008,0,0.0,0.0,1.0,linear,"{""nlist"": 1265, ""nprobe"": 256}"
sl,arxiv,25p,prefilter,0,1.0,2.4368832,1,0.0,0.0,1.0,linear,{}
sl,arxiv,25p,spann,0,0.54,3.7397168,1,0.0,0.0,1.0,linear,"{""max_check"": 8192, ""overfetch_factor"": 1.0, ""search_internal_result_num"": 0}"
sl,arxiv,25p,spann,1,0.72,3.6903576,0,0.0,0.0,1.0,linear,"{""max_check"": 8192, ""overfetch_factor"": 2.0, ""search_internal_result_num"": 0}"
sl,arxiv,25p,spann,2,0.76,3.6311335999999996,0,0.0,0.0,1.0,linear,"{""max_check"": 8192, ""overfetch_factor"": 3.0, ""search_internal_result_num"": 0}"
sl,arxiv,25p,spann,3,0.7879999999999999,3.7397168,1,0.0,0.0,1.0,linear,"{""max_check"": 8192, ""overfetch_factor"": 4.0, ""search_internal_result_num"": 0}"
sl,arxiv,25p,spann,4,0.812,3.6436488,0,0.0,0.0,1.0,linear,"{""max_check"": 2048, ""overfetch_factor"": 5.0, ""search_internal_result_num"": 0}"
sl,arxiv,25p,spann,5,0.812,3.7712904000000003,1,0.0,0.0,1.0,linear,"{""max_check"": 8192, ""overfetch_factor"": 5.0, ""search_internal_result_num"": 0}"
sl,arxiv,25p,spann,6,0.8240000000000001,4.0199384,1,0.0,0.0,1.0,linear,"{""max_check"": 8192, ""overfetch_factor"": 7.0, ""search_internal_result_num"": 0}"
sl,arxiv,25p,spann,7,0.856,4.054054,0,0.0,0.0,1.0,linear,"{""max_check"": 8192, ""overfetch_factor"": 8.0, ""search_internal_result_num"": 0}"
sl,arxiv,25p,spann,8,0.888,4.4805376,1,0.0,0.0,1.0,linear,"{""max_check"": 8192, ""overfetch_factor"": 10.0, ""search_internal_result_num"": 0}"
sl,arxiv,25p,spann,9,0.9,4.2844504,0,0.0,0.0,1.0,linear,"{""max_check"": 8192, ""overfetch_factor"": 12.0, ""search_internal_result_num"": 0}"
sl,arxiv,25p,spann,10,0.9280000000000002,4.487846,0,0.0,0.0,1.0,linear,"{""max_check"": 8192, ""overfetch_factor"": 15.0, ""search_internal_result_num"": 0}"
sl,arxiv,25p,spann,11,0.9280000000000002,5.440973999999999,1,0.0,0.0,1.0,linear,"{""max_check"": 16384, ""overfetch_factor"": 15.0, ""search_internal_result_num"": 0}"
sl,arxiv,25p,spann,12,0.948,5.521620800000001,0,0.0,0.0,1.0,linear,"{""max_check"": 8192, ""overfetch_factor"": 20.0, ""search_internal_result_num"": 0}"
sl,arxiv,25p,spann,13,0.9519999999999998,4.443412,0,0.0,0.0,1.0,linear,"{""max_check"": 4096, ""overfetch_factor"": 25.0, ""search_internal_result_num"": 0}"
sl,arxiv,25p,spann,14,0.9519999999999998,5.646380799999999,0,0.0,0.0,1.0,linear,"{""max_check"": 8192, ""overfetch_factor"": 25.0, ""search_internal_result_num"": 0}"
sl,arxiv,25p,spann,15,0.9519999999999998,5.7583508,1,0.0,1.0,1.0,linear,"{""max_check"": 16384, ""overfetch_factor"": 25.0, ""search_internal_result_num"": 0}"
sl,arxiv,25p,spann,16,0.96,5.6413036,0,0.0,0.0,1.0,linear,"{""max_check"": 8192, ""overfetch_factor"": 30.0, ""search_internal_result_num"": 0}"
sl,arxiv,25p,spann,17,0.972,5.863395599999999,0,0.0,0.0,1.0,linear,"{""max_check"": 8192, ""overfetch_factor"": 40.0, ""search_internal_result_num"": 0}"
sl,arxiv,25p,spann,18,0.972,6.5596776,0,0.0,0.0,1.0,linear,"{""max_check"": 16384, ""overfetch_factor"": 40.0, ""search_internal_result_num"": 0}"
sl,arxiv,25p,spann,19,0.976,6.0122208,0,0.0,0.0,1.0,linear,"{""max_check"": 8192, ""overfetch_factor"": 50.0, ""search_internal_result_num"": 0}"
sl,arxiv,25p,spann,20,0.976,6.3292964000000005,0,0.0,0.0,1.0,linear,"{""max_check"": 8192, ""overfetch_factor"": 75.0, ""search_internal_result_num"": 0}"
sl,arxiv,25p,spann,21,0.976,6.820601199999999,0,0.0,0.0,1.0,linear,"{""max_check"": 8192, ""overfetch_factor"": 100.0, ""search_internal_result_num"": 0}"
sl,arxiv,25p,spann,22,0.976,8.3831524,0,0.0,0.0,1.0,linear,"{""max_check"": 8192, ""overfetch_factor"": 150.0, ""search_internal_result_num"": 0}"
sl,arxiv,25p,spann,23,0.976,9.2515216,0,0.0,0.0,1.0,linear,"{""max_check"": 8192, ""overfetch_factor"": 200.0, ""search_internal_result_num"": 0}"
sl,arxiv,25p,spann,24,0.976,10.2223088,0,0.0,0.0,1.0,linear,"{""max_check"": 8192, ""overfetch_factor"": 250.0, ""search_internal_result_num"": 0}"
sl,arxiv,25p,spann,25,0.976,14.395876999999999,1,0.0,0.0,1.0,linear,"{""max_check"": 8192, ""overfetch_factor"": 500.0, ""search_internal_result_num"": 0}"
sl,arxiv,25p,spann,26,0.976,27.276208,0,0.0,0.0,1.0,linear,"{""max_check"": 32768, ""overfetch_factor"": 1000.0, ""search_internal_result_num"": 0}"
sl,arxiv,25p,spann,27,0.98,17.50116,0,0.0,0.0,1.0,linear,"{""max_check"": 8192, ""overfetch_factor"": 500.0, ""search_internal_result_num"": 100}"
sl,arxiv,25p,spann,28,0.992,23.30906,0,0.0,0.0,1.0,linear,"{""max_check"": 16384, ""overfetch_factor"": 500.0, ""search_internal_result_num"": 200}"
sl,arxiv,25p,spann,29,1.0,35.9896925,1,0.0,0.0,1.0,linear,"{""max_check"": 32768, ""overfetch_factor"": 1000.0, ""search_internal_result_num"": 500}"
sl,arxiv,25p,spann,30,1.0,65.643584,0,0.0,0.0,1.0,linear,"{""max_check"": 32768, ""overfetch_factor"": 1000.0, ""search_internal_result_num"": 1000}"
sl,arxiv,25p,spann,31,1.0,88.61950399999999,0,0.0,0.0,1.0,linear,"{""max_check"": 32768, ""overfetch_factor"": 2000.0, ""search_internal_result_num"": 1000}"
sl,arxiv,25p,spann,32,1.0,195.05068000000003,0,0.0,0.0,1.0,linear,"{""max_check"": 65536, ""overfetch_factor"": 5000.0, ""search_internal_result_num"": 2000}"
sl,arxiv,50p,curator,0,0.5387096774193548,0.15875409677419355,1,0.0,0.0,1.0,linear,"{""pq_M"": 48, ""search_ef"": 12}"
sl,arxiv,50p,curator,1,0.575806452,0.17646951612903222,1,0.0,0.0,1.0,linear,"{""pq_M"": 48, ""search_ef"": 16}"
sl,arxiv,50p,curator,2,0.629032258064516,0.1967468387096774,0,0.0,0.0,1.0,linear,"{""pq_M"": 48, ""search_ef"": 24}"
sl,arxiv,50p,curator,3,0.6387096774193547,0.1957488225806452,0,0.0,0.0,1.0,linear,"{""pq_M"": 48, ""search_ef"": 32}"
sl,arxiv,50p,curator,4,0.670967742,0.24359970967741937,1,0.0,0.0,1.0,linear,"{""pq_M"": 48, ""search_ef"": 48}"
sl,arxiv,50p,curator,5,0.691935484,0.2459003387096774,1,0.0,0.0,1.0,linear,"{""pq_M"": 48, ""search_ef"": 64}"
sl,arxiv,50p,curator,6,0.770967742,0.3084275645161289,1,0.0,0.0,1.0,linear,"{""pq_M"": 48, ""search_ef"": 128}"
sl,arxiv,50p,curator,7,0.85,0.4170658225806452,1,0.0,0.0,1.0,linear,"{""pq_M"": 48, ""search_ef"": 256}"
sl,arxiv,50p,curator,8,0.8758064516129032,0.5247452580645161,0,0.0,0.0,1.0,linear,"{""pq_M"": 48, ""search_ef"": 512}"
sl,arxiv,50p,curator,9,0.914516129,0.8019267419354839,1,0.0,0.0,1.0,linear,"{""pq_M"": 48, ""search_ef"": 1024}"
sl,arxiv,50p,curator,10,0.9338709677419355,1.2808531774193546,0,0.0,0.0,1.0,linear,"{""pq_M"": 48, ""search_ef"": 2048}"
sl,arxiv,50p,curator,11,0.9516129032258064,2.0048168548387095,1,0.0,0.0,1.0,linear,"{""pq_M"": 48, ""search_ef"": 4096}"
sl,arxiv,50p,curator,12,0.9596774193548387,5.012042137096774,1,0.0,0.0,1.0,linear,"{""pq_M"": 48, ""search_ef"": 8192}"
sl,arxiv,50p,curator,13,0.9596774193548387,27.782751612903226,0,0.0,0.0,1.0,linear,"{""pq_M"": 48, ""search_ef"": 65536}"
sl,arxiv,50p,curator,14,0.9596774193548387,32.16415806451614,0,0.0,0.0,1.0,linear,"{""pq_M"": 48, ""search_ef"": 16384}"
sl,arxiv,50p,curator,15,0.9596774193548387,37.88309032258065,0,0.0,0.0,1.0,linear,"{""pq_M"": 48, ""search_ef"": 32768}"
sl,arxiv,50p,diskivf,0,0.5048387096774194,6.042685483870968,1,0.0,0.0,1.0,linear,"{""nlist"": 1265, ""nprobe"": 1}"
sl,arxiv,50p,diskivf,1,0.6870967741935484,5.746668870967742,0,0.0,0.0,1.0,linear,"{""nlist"": 1265, ""nprobe"": 2}"
sl,arxiv,50p,diskivf,2,0.7741935483870969,6.530424516129032,1,0.0,0.0,1.0,linear,"{""nlist"": 1265, ""nprobe"": 3}"
sl,arxiv,50p,diskivf,3,0.8177419354838711,8.570418870967739,1,0.0,0.0,1.0,linear,"{""nlist"": 1265, ""nprobe"": 4}"
sl,arxiv,50p,diskivf,4,0.8483870967741934,8.89205483870968,1,0.0,0.0,1.0,linear,"{""nlist"": 1265, ""nprobe"": 5}"
sl,arxiv,50p,diskivf,5,0.8709677419354839,9.462310806451612,1,0.0,0.0,1.0,linear,"{""nlist"": 1265, ""nprobe"": 6}"
sl,arxiv,50p,diskivf,6,0.911290322580645,13.99603048387097,1,0.0,0.0,1.0,linear,"{""nlist"": 1265, ""nprobe"": 8}"
sl,arxiv,50p,diskivf,7,0.9322580645161291,16.595180967741936,1,0.0,0.0,1.0,linear,"{""nlist"": 1265, ""nprobe"": 10}"
sl,arxiv,50p,diskivf,8,0.9467741935483871,19.713609677419353,0,0.0,0.0,1.0,linear,"{""nlist"": 1265, ""nprobe"": 12}"
sl,arxiv,50p,diskivf,9,0.9516129032258065,26.43676129032258,0,0.0,0.0,1.0,linear,"{""nlist"": 1265, ""nprobe"": 16}"
sl,arxiv,50p,diskivf,10,0.9629032258064517,35.64673548387096,0,0.0,0.0,1.0,linear,"{""nlist"": 1265, ""nprobe"": 20}"
sl,arxiv,50p,diskivf,11,0.9661290322580645,32.034740322580646,0,0.0,0.0,1.0,linear,"{""nlist"": 1265, ""nprobe"": 24}"
sl,arxiv,50p,diskivf,12,0.9790322580645161,44.76327580645162,0,0.0,0.0,1.0,linear,"{""nlist"": 1265, ""nprobe"": 32}"
sl,arxiv,50p,diskivf,13,0.9919354838709677,41.48795241935484,1,0.0,0.0,1.0,linear,"{""nlist"": 1265, ""nprobe"": 48}"
sl,arxiv,50p,diskivf,14,0.996774193548387,94.57752258064517,0,0.0,0.0,1.0,linear,"{""nlist"": 1265, ""nprobe"": 64}"
sl,arxiv,50p,diskivf,15,0.996774193548387,113.18045483870966,0,0.0,0.0,1.0,linear,"{""nlist"": 1265, ""nprobe"": 80}"
sl,arxiv,50p,diskivf,16,0.996774193548387,137.64113387096776,0,0.0,0.0,1.0,linear,"{""nlist"": 1265, ""nprobe"": 96}"
sl,arxiv,50p,diskivf,17,0.9983870967741936,176.85870967741934,0,0.0,0.0,1.0,linear,"{""nlist"": 1265, ""nprobe"": 128}"
sl,arxiv,50p,diskivf,18,1.0,103.7198810483871,1,0.0,0.0,1.0,linear,"{""nlist"": 1265, ""nprobe"": 192}"
sl,arxiv,50p,diskivf,19,1.0,360.44109677419357,0,0.0,0.0,1.0,linear,"{""nlist"": 1265, ""nprobe"": 256}"
sl,arxiv,50p,prefilter,0,1.0,3.476036774193548,1,0.0,0.0,1.0,linear,{}
sl,arxiv,50p,spann,0,0.614516129032258,3.718791290322582,1,0.0,0.0,1.0,linear,"{""max_check"": 8192, ""overfetch_factor"": 1.0, ""search_internal_result_num"": 0}"
sl,arxiv,50p,spann,1,0.7709677419354839,3.613723548387096,0,0.0,0.0,1.0,linear,"{""max_check"": 8192, ""overfetch_factor"": 2.0, ""search_internal_result_num"": 0}"
sl,arxiv,50p,spann,2,0.8290322580645161,3.5993838709677415,0,0.0,0.0,1.0,linear,"{""max_check"": 8192, ""overfetch_factor"": 3.0, ""search_internal_result_num"": 0}"
sl,arxiv,50p,spann,3,0.8564516129032258,3.5936343548387097,0,0.0,0.0,1.0,linear,"{""max_check"": 8192, ""overfetch_factor"": 4.0, ""search_internal_result_num"": 0}"
sl,arxiv,50p,spann,4,0.8774193548387098,3.8069075806451607,1,0.0,0.0,1.0,linear,"{""max_check"": 8192, ""overfetch_factor"": 5.0, ""search_internal_result_num"": 0}"
sl,arxiv,50p,spann,5,0.8790322580645162,3.6020240322580643,0,0.0,0.0,1.0,linear,"{""max_check"": 2048, ""overfetch_factor"": 5.0, ""search_internal_result_num"": 0}"
sl,arxiv,50p,spann,6,0.8919354838709675,3.90909370967742,1,0.0,0.0,1.0,linear,"{""max_check"": 8192, ""overfetch_factor"": 7.0, ""search_internal_result_num"": 0}"
sl,arxiv,50p,spann,7,0.8983870967741935,3.903690483870968,0,0.0,0.0,1.0,linear,"{""max_check"": 8192, ""overfetch_factor"": 8.0, ""search_internal_result_num"": 0}"
sl,arxiv,50p,spann,8,0.9129032258064516,4.458421290322581,1,0.0,0.0,1.0,linear,"{""max_check"": 8192, ""overfetch_factor"": 10.0, ""search_internal_result_num"": 0}"
sl,arxiv,50p,spann,9,0.9258064516129032,4.083990645161291,0,0.0,0.0,1.0,linear,"{""max_check"": 8192, ""overfetch_factor"": 12.0, ""search_internal_result_num"": 0}"
sl,arxiv,50p,spann,10,0.9387096774193548,4.290431451612904,0,0.0,0.0,1.0,linear,"{""max_check"": 8192, ""overfetch_factor"": 15.0, ""search_internal_result_num"": 0}"
sl,arxiv,50p,spann,11,0.9387096774193548,5.231047903225806,1,0.0,0.0,1.0,linear,"{""max_check"": 16384, ""overfetch_factor"": 15.0, ""search_internal_result_num"": 0}"
sl,arxiv,50p,spann,12,0.954032258064516,5.646487119247787,1,0.0,0.0,1.0,linear,"{""max_check"": 8192, ""overfetch_factor"": 20.0, ""search_internal_result_num"": 0}"
sl,arxiv,50p,spann,13,0.9564516129032257,4.441179516129033,0,0.0,0.0,1.0,linear,"{""max_check"": 4096, ""overfetch_factor"": 25.0, ""search_internal_result_num"": 0}"
sl,arxiv,50p,spann,14,0.9564516129032257,5.373402580645161,0,0.0,0.0,1.0,linear,"{""max_check"": 8192, ""overfetch_factor"": 25.0, ""search_internal_result_num"": 0}"
sl,arxiv,50p,spann,15,0.9564516129032257,5.768175806451613,0,0.0,0.0,1.0,linear,"{""max_check"": 16384, ""overfetch_factor"": 25.0, ""search_internal_result_num"": 0}"
sl,arxiv,50p,spann,16,0.9661290322580643,5.4760091935483866,0,0.0,0.0,1.0,linear,"{""max_check"": 8192, ""overfetch_factor"": 30.0, ""search_internal_result_num"": 0}"
sl,arxiv,50p,spann,17,0.9725806451612902,5.779932580645161,0,0.0,0.0,1.0,linear,"{""max_check"": 8192, ""overfetch_factor"": 40.0, ""search_internal_result_num"": 0}"
sl,arxiv,50p,spann,18,0.9725806451612902,6.2917233870967735,0,0.0,0.0,1.0,linear,"{""max_check"": 16384, ""overfetch_factor"": 40.0, ""search_internal_result_num"": 0}"
sl,arxiv,50p,spann,19,0.9774193548387096,5.80847322580645,0,0.0,0.0,1.0,linear,"{""max_check"": 8192, ""overfetch_factor"": 50.0, ""search_internal_result_num"": 0}"
sl,arxiv,50p,spann,20,0.9822580645161288,6.345958709677421,0,0.0,0.0,1.0,linear,"{""max_check"": 8192, ""overfetch_factor"": 75.0, ""search_internal_result_num"": 0}"
sl,arxiv,50p,spann,21,0.9838709677419354,6.471802903225805,0,0.0,0.0,1.0,linear,"{""max_check"": 8192, ""overfetch_factor"": 100.0, ""search_internal_result_num"": 0}"
sl,arxiv,50p,spann,22,0.9838709677419354,8.25869435483871,0,0.0,0.0,1.0,linear,"{""max_check"": 8192, ""overfetch_factor"": 150.0, ""search_internal_result_num"": 0}"
sl,arxiv,50p,spann,23,0.9838709677419354,8.876520806451612,0,0.0,0.0,1.0,linear,"{""max_check"": 8192, ""overfetch_factor"": 200.0, ""search_internal_result_num"": 0}"
sl,arxiv,50p,spann,24,0.9838709677419354,9.729044838709678,1,0.0,0.0,1.0,linear,"{""max_check"": 8192, ""overfetch_factor"": 250.0, ""search_internal_result_num"": 0}"
sl,arxiv,50p,spann,25,0.9838709677419354,15.482990161290322,0,0.0,0.0,1.0,linear,"{""max_check"": 8192, ""overfetch_factor"": 500.0, ""search_internal_result_num"": 0}"
sl,arxiv,50p,spann,26,0.9838709677419354,26.500383870967738,0,0.0,0.0,1.0,linear,"{""max_check"": 32768, ""overfetch_factor"": 1000.0, ""search_internal_result_num"": 0}"
sl,arxiv,50p,spann,27,0.9951612903225806,17.08524516129032,0,0.0,0.0,1.0,linear,"{""max_check"": 8192, ""overfetch_factor"": 500.0, ""search_internal_result_num"": 100}"
sl,arxiv,50p,spann,28,1.0,22.687009677419358,1,0.0,0.0,1.0,linear,"{""max_check"": 16384, ""overfetch_factor"": 500.0, ""search_internal_result_num"": 200}"
sl,arxiv,50p,spann,29,1.0,43.6168064516129,0,0.0,0.0,1.0,linear,"{""max_check"": 32768, ""overfetch_factor"": 1000.0, ""search_internal_result_num"": 500}"
sl,arxiv,50p,spann,30,1.0,64.00670967741935,0,0.0,0.0,1.0,linear,"{""max_check"": 32768, ""overfetch_factor"": 1000.0, ""search_internal_result_num"": 1000}"
sl,arxiv,50p,spann,31,1.0,85.78777741935484,0,0.0,0.0,1.0,linear,"{""max_check"": 32768, ""overfetch_factor"": 2000.0, ""search_internal_result_num"": 1000}"
sl,arxiv,50p,spann,32,1.0,190.33395161290326,0,0.0,0.0,1.0,linear,"{""max_check"": 65536, ""overfetch_factor"": 5000.0, ""search_internal_result_num"": 2000}"
sl,arxiv,75p,curator,0,0.5096618357487923,0.17436629951690824,1,0.0,0.0,1.0,linear,"{""pq_M"": 48, ""search_ef"": 16}"
sl,arxiv,75p,curator,1,0.562318841,0.1873121884057971,1,0.0,0.0,1.0,linear,"{""pq_M"": 48, ""search_ef"": 24}"
sl,arxiv,75p,curator,2,0.6014492753623188,0.2055781062801932,0,0.0,0.0,1.0,linear,"{""pq_M"": 48, ""search_ef"": 32}"
sl,arxiv,75p,curator,3,0.651207729,0.24010642512077293,1,0.0,0.0,1.0,linear,"{""pq_M"": 48, ""search_ef"": 48}"
sl,arxiv,75p,curator,4,0.673913043,0.26589185507246377,1,0.0,0.0,1.0,linear,"{""pq_M"": 48, ""search_ef"": 64}"
sl,arxiv,75p,curator,5,0.728502415,0.3226091256038647,1,0.0,0.0,1.0,linear,"{""pq_M"": 48, ""search_ef"": 128}"
sl,arxiv,75p,curator,6,0.7864734299516909,0.4124929033816425,0,0.0,0.0,1.0,linear,"{""pq_M"": 48, ""search_ef"": 256}"
sl,arxiv,75p,curator,7,0.834299517,0.5388135265700483,1,0.0,0.0,1.0,linear,"{""pq_M"": 48, ""search_ef"": 512}"
sl,arxiv,75p,curator,8,0.87826087,0.8230401787439614,1,0.0,0.0,1.0,linear,"{""pq_M"": 48, ""search_ef"": 1024}"
sl,arxiv,75p,curator,9,0.9004830917874397,1.3186978550724637,0,0.0,0.0,1.0,linear,"{""pq_M"": 48, ""search_ef"": 2048}"
sl,arxiv,75p,curator,10,0.9183574879227054,2.0576004468599036,1,0.0,0.0,1.0,linear,"{""pq_M"": 48, ""search_ef"": 4096}"
sl,arxiv,75p,curator,11,0.9299516908212561,6.70147574879227,0,0.0,0.0,1.0,linear,"{""pq_M"": 48, ""search_ef"": 8192}"
sl,arxiv,75p,curator,12,0.9342995169082128,30.46241884057971,0,0.0,0.0,1.0,linear,"{""pq_M"": 48, ""search_ef"": 16384}"
sl,arxiv,75p,curator,13,0.9352657004830919,5.1440011171497595,1,0.0,0.0,1.0,linear,"{""pq_M"": 48, ""search_ef"": 32768}"
sl,arxiv,75p,curator,14,0.9352657004830919,145.68613333333334,0,0.0,0.0,1.0,linear,"{""pq_M"": 48, ""search_ef"": 65536}"
sl,arxiv,75p,diskivf,0,0.5396135265700484,5.488144893719808,1,0.0,0.0,1.0,linear,"{""nlist"": 1265, ""nprobe"": 1}"
sl,arxiv,75p,diskivf,1,0.6845410628019323,5.1781700966183575,0,0.0,0.0,1.0,linear,"{""nlist"": 1265, ""nprobe"": 2}"
sl,arxiv,75p,diskivf,2,0.7589371980676329,7.292706908212559,1,0.0,0.0,1.0,linear,"{""nlist"": 1265, ""nprobe"": 3}"
sl,arxiv,75p,diskivf,3,0.8024154589371981,11.310634444444444,1,0.01,-1.0,1.0,linear,"{""nlist"": 1265, ""nprobe"": 4}"
sl,arxiv,75p,diskivf,4,0.8396135265700484,12.390960579710143,1,0.0,0.0,1.0,linear,"{""nlist"": 1265, ""nprobe"": 5}"
sl,arxiv,75p,diskivf,5,0.8589371980676329,14.39619048309179,1,0.0,0.0,1.0,linear,"{""nlist"": 1265, ""nprobe"": 6}"
sl,arxiv,75p,diskivf,6,0.88743961352657,18.960929855072465,1,0.0,0.0,1.0,linear,"{""nlist"": 1265, ""nprobe"": 8}"
sl,arxiv,75p,diskivf,7,0.9120772946859904,23.919371304347827,0,0.0,0.0,1.0,linear,"{""nlist"": 1265, ""nprobe"": 10}"
sl,arxiv,75p,diskivf,8,0.9270531400966184,27.677055603864734,1,0.0,0.0,1.0,linear,"{""nlist"": 1265, ""nprobe"": 12}"
sl,arxiv,75p,diskivf,9,0.9512077294685991,36.00612850241546,0,0.0,0.0,1.0,linear,"{""nlist"": 1265, ""nprobe"": 16}"
sl,arxiv,75p,diskivf,10,0.9603864734299518,44.339808212560385,0,0.0,0.0,1.0,linear,"{""nlist"": 1265, ""nprobe"": 20}"
sl,arxiv,75p,diskivf,11,0.967632850241546,53.04035603864734,0,0.0,0.0,1.0,linear,"{""nlist"": 1265, ""nprobe"": 24}"
sl,arxiv,75p,diskivf,12,0.9748792270531401,65.53642463768116,0,0.0,0.0,1.0,linear,"{""nlist"": 1265, ""nprobe"": 32}"
sl,arxiv,75p,diskivf,13,0.9845410628019324,69.19263900966183,1,0.0,0.0,1.0,linear,"{""nlist"": 1265, ""nprobe"": 48}"
sl,arxiv,75p,diskivf,14,0.9898550724637681,113.45101111111111,0,0.0,0.0,1.0,linear,"{""nlist"": 1265, ""nprobe"": 64}"
sl,arxiv,75p,diskivf,15,0.9922705314009662,148.19536038647342,0,0.0,0.0,1.0,linear,"{""nlist"": 1265, ""nprobe"": 80}"
sl,arxiv,75p,diskivf,16,0.9946859903381643,160.66461690821257,0,0.0,0.0,1.0,linear,"{""nlist"": 1265, ""nprobe"": 96}"
sl,arxiv,75p,diskivf,17,0.9966183574879227,204.0412415458937,0,0.0,0.0,1.0,linear,"{""nlist"": 1265, ""nprobe"": 128}"
sl,arxiv,75p,diskivf,18,0.9995169082125605,294.4436038647343,0,0.0,0.0,1.0,linear,"{""nlist"": 1265, ""nprobe"": 192}"
sl,arxiv,75p,diskivf,19,1.0,172.98159752415458,1,0.0,0.0,1.0,linear,"{""nlist"": 1265, ""nprobe"": 256}"
sl,arxiv,75p,prefilter,0,1.0,7.949673961352658,1,0.0,0.0,1.0,linear,{}
sl,arxiv,75p,spann,0,0.6217391304347827,3.840201062801932,1,0.0,0.0,1.0,linear,"{""max_check"": 8192, ""overfetch_factor"": 1.0, ""search_internal_result_num"": 0}"
sl,arxiv,75p,spann,1,0.8144927536231884,3.7186745410628017,0,0.0,0.0,1.0,linear,"{""max_check"": 8192, ""overfetch_factor"": 2.0, ""search_internal_result_num"": 0}"
sl,arxiv,75p,spann,2,0.855072463768116,3.7136565217391304,0,0.0,0.0,1.0,linear,"{""max_check"": 8192, ""overfetch_factor"": 3.0, ""search_internal_result_num"": 0}"
sl,arxiv,75p,spann,3,0.878743961352657,3.840201062801932,1,0.0,0.0,1.0,linear,"{""max_check"": 8192, ""overfetch_factor"": 4.0, ""search_internal_result_num"": 0}"
sl,arxiv,75p,spann,4,0.903864734299517,3.7390714009661834,0,0.0,0.0,1.0,linear,"{""max_check"": 2048, ""overfetch_factor"": 5.0, ""search_internal_result_num"": 0}"
sl,arxiv,75p,spann,5,0.9048309178743962,4.1794679710144935,0,0.0,0.0,1.0,linear,"{""max_check"": 8192, ""overfetch_factor"": 5.0, ""search_internal_result_num"": 0}"
sl,arxiv,75p,spann,6,0.9256038647342995,4.097441501900757,1,0.0,0.0,1.0,linear,"{""max_check"": 8192, ""overfetch_factor"": 7.0, ""search_internal_result_num"": 0}"
sl,arxiv,75p,spann,7,0.9289855072463769,4.125743381642512,0,0.0,0.0,1.0,linear,"{""max_check"": 8192, ""overfetch_factor"": 8.0, ""search_internal_result_num"": 0}"
sl,arxiv,75p,spann,8,0.9362318840579711,4.824252705314009,0,0.0,0.0,1.0,linear,"{""max_check"": 8192, ""overfetch_factor"": 10.0, ""search_internal_result_num"": 0}"
sl,arxiv,75p,spann,9,0.9417874396135266,4.540403273960863,1,0.0,0.0,1.0,linear,"{""max_check"": 8192, ""overfetch_factor"": 12.0, ""search_internal_result_num"": 0}"
sl,arxiv,75p,spann,10,0.9444444444444444,4.541682463768116,0,0.0,0.0,1.0,linear,"{""max_check"": 8192, ""overfetch_factor"": 15.0, ""search_internal_result_num"": 0}"
sl,arxiv,75p,spann,11,0.9444444444444444,5.954797922705314,0,0.0,0.0,1.0,linear,"{""max_check"": 16384, ""overfetch_factor"": 15.0, ""search_internal_result_num"": 0}"
sl,arxiv,75p,spann,12,0.948792270531401,6.124422173913046,0,0.0,0.0,1.0,linear,"{""max_check"": 8192, ""overfetch_factor"": 20.0, ""search_internal_result_num"": 0}"
sl,arxiv,75p,spann,13,0.9531400966183575,4.6555250241545885,0,0.0,0.0,1.0,linear,"{""max_check"": 4096, ""overfetch_factor"": 25.0, ""search_internal_result_num"": 0}"
sl,arxiv,75p,spann,14,0.9536231884057972,5.708812367149759,0,0.0,0.0,1.0,linear,"{""max_check"": 8192, ""overfetch_factor"": 25.0, ""search_internal_result_num"": 0}"
sl,arxiv,75p,spann,15,0.9536231884057972,5.891658937198067,0,0.0,0.0,1.0,linear,"{""max_check"": 16384, ""overfetch_factor"": 25.0, ""search_internal_result_num"": 0}"
sl,arxiv,75p,spann,16,0.955072463768116,5.810515507246377,0,0.0,0.0,1.0,linear,"{""max_check"": 8192, ""overfetch_factor"": 30.0, ""search_internal_result_num"": 0}"
sl,arxiv,75p,spann,17,0.9628019323671498,6.060185024154589,0,0.0,0.0,1.0,linear,"{""max_check"": 8192, ""overfetch_factor"": 40.0, ""search_internal_result_num"": 0}"
sl,arxiv,75p,spann,18,0.9628019323671498,6.556205024154591,0,0.0,0.0,1.0,linear,"{""max_check"": 16384, ""overfetch_factor"": 40.0, ""search_internal_result_num"": 0}"
sl,arxiv,75p,spann,19,0.9642512077294687,5.8125006763285025,0,0.0,0.0,1.0,linear,"{""max_check"": 8192, ""overfetch_factor"": 50.0, ""search_internal_result_num"": 0}"
sl,arxiv,75p,spann,20,0.9647342995169083,6.587811739130436,1,0.0,0.0,1.0,linear,"{""max_check"": 8192, ""overfetch_factor"": 75.0, ""search_internal_result_num"": 0}"
sl,arxiv,75p,spann,21,0.9647342995169083,7.008691062801933,0,0.0,0.0,1.0,linear,"{""max_check"": 8192, ""overfetch_factor"": 100.0, ""search_internal_result_num"": 0}"
sl,arxiv,75p,spann,22,0.9647342995169083,8.321033961352656,0,0.0,0.0,1.0,linear,"{""max_check"": 8192, ""overfetch_factor"": 150.0, ""search_internal_result_num"": 0}"
sl,arxiv,75p,spann,23,0.9647342995169083,9.684934927536231,0,0.0,0.0,1.0,linear,"{""max_check"": 8192, ""overfetch_factor"": 200.0, ""search_internal_result_num"": 0}"
sl,arxiv,75p,spann,24,0.9647342995169083,9.981128599033815,0,0.0,0.0,1.0,linear,"{""max_check"": 8192, ""overfetch_factor"": 250.0, ""search_internal_result_num"": 0}"
sl,arxiv,75p,spann,25,0.9647342995169083,15.490557971014494,0,0.0,0.0,1.0,linear,"{""max_check"": 8192, ""overfetch_factor"": 500.0, ""search_internal_result_num"": 0}"
sl,arxiv,75p,spann,26,0.9647342995169083,25.837047826086952,0,0.0,0.0,1.0,linear,"{""max_check"": 32768, ""overfetch_factor"": 1000.0, ""search_internal_result_num"": 0}"
sl,arxiv,75p,spann,27,0.9768115942028985,17.10697729468599,1,0.01,0.0,1.0,linear,"{""max_check"": 8192, ""overfetch_factor"": 500.0, ""search_internal_result_num"": 100}"
sl,arxiv,75p,spann,28,0.9917874396135267,23.017326570048304,1,0.0,0.0,1.0,linear,"{""max_check"": 16384, ""overfetch_factor"": 500.0, ""search_internal_result_num"": 200}"
sl,arxiv,75p,spann,29,0.9980676328502415,44.027066183574874,0,0.0,0.0,1.0,linear,"{""max_check"": 32768, ""overfetch_factor"": 1000.0, ""search_internal_result_num"": 500}"
sl,arxiv,75p,spann,30,0.9995169082125605,64.35308792270531,0,0.0,0.0,1.0,linear,"{""max_check"": 32768, ""overfetch_factor"": 1000.0, ""search_internal_result_num"": 1000}"
sl,arxiv,75p,spann,31,0.9995169082125605,84.60898502415458,0,0.0,0.0,1.0,linear,"{""max_check"": 32768, ""overfetch_factor"": 2000.0, ""search_internal_result_num"": 1000}"
sl,arxiv,75p,spann,32,1.0,57.543316425120764,0,0.0,0.0,1.0,linear,"{""max_check"": 65536, ""overfetch_factor"": 5000.0, ""search_internal_result_num"": 2000}"
sl,arxiv,99p,curator,0,0.5320441988950277,0.19070223756906077,1,0.0,0.0,1.0,linear,"{""pq_M"": 48, ""search_ef"": 16}"
sl,arxiv,99p,curator,1,0.590055249,0.2044706961325967,1,0.0,0.0,1.0,linear,"{""pq_M"": 48, ""search_ef"": 24}"
sl,arxiv,99p,curator,2,0.6276243093922652,0.22135445303867404,0,0.0,0.0,1.0,linear,"{""pq_M"": 48, ""search_ef"": 32}"
sl,arxiv,99p,curator,3,0.650276243,0.261850364640884,1,0.0,0.0,1.0,linear,"{""pq_M"": 48, ""search_ef"": 48}"
sl,arxiv,99p,curator,4,0.6740331491712708,0.2793785359116022,0,0.0,0.0,1.0,linear,"{""pq_M"": 48, ""search_ef"": 64}"
sl,arxiv,99p,curator,5,0.720441989,0.33786049723756906,1,0.0,0.0,1.0,linear,"{""pq_M"": 48, ""search_ef"": 128}"
sl,arxiv,99p,curator,6,0.770165746,0.41811135911602215,1,0.0,0.0,1.0,linear,"{""pq_M"": 48, ""search_ef"": 256}"
sl,arxiv,99p,curator,7,0.820441989,0.5667859944751381,1,0.0,0.0,1.0,linear,"{""pq_M"": 48, ""search_ef"": 512}"
sl,arxiv,99p,curator,8,0.8574585635359119,0.8398743535911604,1,0.0,0.0,1.0,linear,"{""pq_M"": 48, ""search_ef"": 1024}"
sl,arxiv,99p,curator,9,0.885635359,1.4960431988950276,1,0.0,0.0,1.0,linear,"{""pq_M"": 48, ""search_ef"": 2048}"
sl,arxiv,99p,curator,10,0.9082872928176796,2.751025580110497,0,0.0,0.0,1.0,linear,"{""pq_M"": 48, ""search_ef"": 4096}"
sl,arxiv,99p,curator,11,0.919889502762431,9.61599453038674,0,0.0,0.0,1.0,linear,"{""pq_M"": 48, ""search_ef"": 8192}"
sl,arxiv,99p,curator,12,0.9237569060773482,25.35050497237569,0,0.0,0.0,1.0,linear,"{""pq_M"": 48, ""search_ef"": 16384}"
sl,arxiv,99p,curator,13,0.9276243093922654,55.7106044198895,0,0.0,0.0,1.0,linear,"{""pq_M"": 48, ""search_ef"": 32768}"
sl,arxiv,99p,curator,14,0.9281767955801105,3.740107997237569,1,0.0,0.0,1.0,linear,"{""pq_M"": 48, ""search_ef"": 65536}"
sl,arxiv,99p,diskivf,0,0.5209944751381216,4.781011988950277,1,0.0,0.0,1.0,linear,"{""nlist"": 1265, ""nprobe"": 1}"
sl,arxiv,99p,diskivf,1,0.674585635,6.460095193370167,1,0.0,0.0,1.0,linear,"{""nlist"": 1265, ""nprobe"": 2}"
sl,arxiv,99p,diskivf,2,0.764640884,9.679061823204421,1,0.0,0.0,1.0,linear,"{""nlist"": 1265, ""nprobe"": 3}"
sl,arxiv,99p,diskivf,3,0.8187845303867403,15.047920220994474,0,0.0,0.0,1.0,linear,"{""nlist"": 1265, ""nprobe"": 4}"
sl,arxiv,99p,diskivf,4,0.852486188,14.676416961325964,1,0.0,0.0,1.0,linear,"{""nlist"": 1265, ""nprobe"": 5}"
sl,arxiv,99p,diskivf,5,0.877900552,15.265666795580113,0,0.0,0.0,1.0,linear,"{""nlist"": 1265, ""nprobe"": 6}"
sl,arxiv,99p,diskivf,6,0.903867403,20.325721712707185,1,0.0,0.0,1.0,linear,"{""nlist"": 1265, ""nprobe"": 8}"
sl,arxiv,99p,diskivf,7,0.928729282,26.080410165745864,1,0.0,0.0,1.0,linear,"{""nlist"": 1265, ""nprobe"": 10}"
sl,arxiv,99p,diskivf,8,0.9392265193370166,32.06034530386741,0,0.0,0.0,1.0,linear,"{""nlist"": 1265, ""nprobe"": 12}"
sl,arxiv,99p,diskivf,9,0.9535911602209945,38.681075690607734,0,0.0,0.0,1.0,linear,"{""nlist"": 1265, ""nprobe"": 16}"
sl,arxiv,99p,diskivf,10,0.9657458563535912,44.163023204419886,1,0.0,0.0,1.0,linear,"{""nlist"": 1265, ""nprobe"": 20}"
sl,arxiv,99p,diskivf,11,0.9734806629834254,53.301069060773486,0,0.0,0.0,1.0,linear,"{""nlist"": 1265, ""nprobe"": 24}"
sl,arxiv,99p,diskivf,12,0.9790055248618784,66.1826955801105,0,0.0,0.0,1.0,linear,"{""nlist"": 1265, ""nprobe"": 32}"
sl,arxiv,99p,diskivf,13,0.9878453038674032,65.20102541436466,1,0.0,0.0,1.0,linear,"{""nlist"": 1265, ""nprobe"": 48}"
sl,arxiv,99p,diskivf,14,0.9922651933701658,116.38903370165747,0,0.0,0.0,1.0,linear,"{""nlist"": 1265, ""nprobe"": 64}"
sl,arxiv,99p,diskivf,15,0.994475138121547,141.34523922651934,0,0.0,0.0,1.0,linear,"{""nlist"": 1265, ""nprobe"": 80}"
sl,arxiv,99p,diskivf,16,0.994475138121547,168.59354143646408,0,0.0,0.0,1.0,linear,"{""nlist"": 1265, ""nprobe"": 96}"
sl,arxiv,99p,diskivf,17,0.9972375690607734,219.08351381215468,0,0.0,0.0,1.0,linear,"{""nlist"": 1265, ""nprobe"": 128}"
sl,arxiv,99p,diskivf,18,0.9983425414364641,310.12547513812154,0,0.0,0.0,1.0,linear,"{""nlist"": 1265, ""nprobe"": 192}"
sl,arxiv,99p,diskivf,19,0.9994475138121547,163.00256353591166,1,0.0,0.0,1.0,linear,"{""nlist"": 1265, ""nprobe"": 256}"
sl,arxiv,99p,prefilter,0,1.0,14.555647955801106,1,0.0,0.0,1.0,linear,{}
sl,arxiv,99p,spann,0,0.7121546961325967,3.522086243093923,1,0.0,0.0,1.0,linear,"{""max_check"": 8192, ""overfetch_factor"": 1.0, ""search_internal_result_num"": 0}"
sl,arxiv,99p,spann,1,0.8475138121546961,3.5149417679558015,0,0.0,0.0,1.0,linear,"{""max_check"": 8192, ""overfetch_factor"": 2.0, ""search_internal_result_num"": 0}"
sl,arxiv,99p,spann,2,0.8900552486187847,3.466874309392265,0,0.0,0.0,1.0,linear,"{""max_check"": 8192, ""overfetch_factor"": 3.0, ""search_internal_result_num"": 0}"
sl,arxiv,99p,spann,3,0.9116022099447514,3.522086243093923,1,0.0,0.0,1.0,linear,"{""max_check"": 8192, ""overfetch_factor"": 4.0, ""search_internal_result_num"": 0}"
sl,arxiv,99p,spann,4,0.9259668508287294,3.6118293922651925,1,0.0,0.0,1.0,linear,"{""max_check"": 2048, ""overfetch_factor"": 5.0, ""search_internal_result_num"": 0}"
sl,arxiv,99p,spann,5,0.9287292817679559,4.019499502762431,0,0.0,0.0,1.0,linear,"{""max_check"": 8192, ""overfetch_factor"": 5.0, ""search_internal_result_num"": 0}"
sl,arxiv,99p,spann,6,0.9483425414364641,3.866282485896497,1,0.0,0.2,1.0,linear,"{""max_check"": 8192, ""overfetch_factor"": 7.0, ""search_internal_result_num"": 0}"
sl,arxiv,99p,spann,7,0.9508287292817681,3.8906794475138122,0,0.0,0.0,1.0,linear,"{""max_check"": 8192, ""overfetch_factor"": 8.0, ""search_internal_result_num"": 0}"
sl,arxiv,99p,spann,8,0.956353591160221,4.327816629834254,0,0.0,0.0,1.0,linear,"{""max_check"": 8192, ""overfetch_factor"": 10.0, ""search_internal_result_num"": 0}"
sl,arxiv,99p,spann,9,0.9585635359116023,4.188848784530387,0,0.0,0.0,1.0,linear,"{""max_check"": 8192, ""overfetch_factor"": 12.0, ""search_internal_result_num"": 0}"
sl,arxiv,99p,spann,10,0.9596685082872928,4.236211160220995,0,0.0,0.0,1.0,linear,"{""max_check"": 8192, ""overfetch_factor"": 15.0, ""search_internal_result_num"": 0}"
sl,arxiv,99p,spann,11,0.9596685082872928,5.790601104972376,0,0.0,0.0,1.0,linear,"{""max_check"": 16384, ""overfetch_factor"": 15.0, ""search_internal_result_num"": 0}"
sl,arxiv,99p,spann,12,0.9624309392265192,5.446574530386741,0,0.0,0.0,1.0,linear,"{""max_check"": 8192, ""overfetch_factor"": 20.0, ""search_internal_result_num"": 0}"
sl,arxiv,99p,spann,13,0.9629834254143647,4.590202817679558,0,0.0,0.0,1.0,linear,"{""max_check"": 4096, ""overfetch_factor"": 25.0, ""search_internal_result_num"": 0}"
sl,arxiv,99p,spann,14,0.9629834254143647,5.463921602209945,0,0.0,0.0,1.0,linear,"{""max_check"": 8192, ""overfetch_factor"": 25.0, ""search_internal_result_num"": 0}"
sl,arxiv,99p,spann,15,0.9629834254143647,5.4836032596685085,0,0.0,0.0,1.0,linear,"{""max_check"": 8192, ""overfetch_factor"": 30.0, ""search_internal_result_num"": 0}"
sl,arxiv,99p,spann,16,0.9629834254143647,5.603344364640884,0,0.0,0.0,1.0,linear,"{""max_check"": 16384, ""overfetch_factor"": 25.0, ""search_internal_result_num"": 0}"
sl,arxiv,99p,spann,17,0.9629834254143647,5.905041215469613,0,0.0,0.0,1.0,linear,"{""max_check"": 8192, ""overfetch_factor"": 40.0, ""search_internal_result_num"": 0}"
sl,arxiv,99p,spann,18,0.9629834254143647,6.2900627624309395,0,0.0,0.0,1.0,linear,"{""max_check"": 16384, ""overfetch_factor"": 40.0, ""search_internal_result_num"": 0}"
sl,arxiv,99p,spann,19,0.9640883977900553,5.63939955801105,0,0.0,0.0,1.0,linear,"{""max_check"": 8192, ""overfetch_factor"": 50.0, ""search_internal_result_num"": 0}"
sl,arxiv,99p,spann,20,0.9662983425414365,6.775872265193371,0,0.0,0.0,1.0,linear,"{""max_check"": 8192, ""overfetch_factor"": 75.0, ""search_internal_result_num"": 0}"
sl,arxiv,99p,spann,21,0.9668508287292817,6.5840406077348055,0,0.0,0.0,1.0,linear,"{""max_check"": 8192, ""overfetch_factor"": 100.0, ""search_internal_result_num"": 0}"
sl,arxiv,99p,spann,22,0.9674033149171272,7.930279889502763,0,0.0,0.0,1.0,linear,"{""max_check"": 8192, ""overfetch_factor"": 150.0, ""search_internal_result_num"": 0}"
sl,arxiv,99p,spann,23,0.9685082872928178,9.192008784530387,1,0.0,0.0,1.0,linear,"{""max_check"": 8192, ""overfetch_factor"": 200.0, ""search_internal_result_num"": 0}"
sl,arxiv,99p,spann,24,0.969060773480663,9.40722132596685,0,0.0,0.0,1.0,linear,"{""max_check"": 8192, ""overfetch_factor"": 250.0, ""search_internal_result_num"": 0}"
sl,arxiv,99p,spann,25,0.969060773480663,14.67680773480663,0,0.0,0.0,1.0,linear,"{""max_check"": 8192, ""overfetch_factor"": 500.0, ""search_internal_result_num"": 0}"
sl,arxiv,99p,spann,26,0.969060773480663,24.727108287292815,0,0.0,0.0,1.0,linear,"{""max_check"": 32768, ""overfetch_factor"": 1000.0, ""search_internal_result_num"": 0}"
sl,arxiv,99p,spann,27,0.9812154696132598,16.114627071823204,1,0.0,0.0,1.0,linear,"{""max_check"": 8192, ""overfetch_factor"": 500.0, ""search_internal_result_num"": 100}"
sl,arxiv,99p,spann,28,0.992817679558011,21.416837569060775,0,0.0,0.0,1.0,linear,"{""max_check"": 16384, ""overfetch_factor"": 500.0, ""search_internal_result_num"": 200}"
sl,arxiv,99p,spann,29,0.9983425414364641,42.507702762430945,0,0.0,0.0,1.0,linear,"{""max_check"": 32768, ""overfetch_factor"": 1000.0, ""search_internal_result_num"": 500}"
sl,arxiv,99p,spann,30,0.9983425414364641,62.668486740331495,0,0.0,0.0,1.0,linear,"{""max_check"": 32768, ""overfetch_factor"": 1000.0, ""search_internal_result_num"": 1000}"
sl,arxiv,99p,spann,31,0.9983425414364641,79.54761546961326,0,0.0,0.0,1.0,linear,"{""max_check"": 32768, ""overfetch_factor"": 2000.0, ""search_internal_result_num"": 1000}"
sl,arxiv,99p,spann,32,0.9994475138121547,40.28656767955801,1,0.0,0.0,1.0,linear,"{""max_check"": 65536, ""overfetch_factor"": 5000.0, ""search_internal_result_num"": 2000}"
sl,gist1m,1p,curator,0,0.5650602409638554,0.2829361686746988,1,0.0,0.0,1.0,linear,"{""pq_M"": 160, ""search_ef"": 8}"
sl,gist1m,1p,curator,1,0.6301204819277109,0.2901837590361446,1,0.0,0.0,1.0,linear,"{""pq_M"": 160, ""search_ef"": 10}"
sl,gist1m,1p,curator,2,0.6614457831325301,0.4319117951807228,0,0.0,0.0,1.0,linear,"{""pq_M"": 160, ""search_ef"": 12}"
sl,gist1m,1p,curator,3,0.6867469879518072,0.3805247951807229,0,0.0,0.0,1.0,linear,"{""pq_M"": 160, ""search_ef"": 14}"
sl,gist1m,1p,curator,4,0.7373493975903614,0.5634610602409639,0,0.0,0.0,1.0,linear,"{""pq_M"": 160, ""search_ef"": 16}"
sl,gist1m,1p,curator,5,0.7566265060240963,0.32554479518072293,1,0.0,0.0,1.0,linear,"{""pq_M"": 160, ""search_ef"": 18}"
sl,gist1m,1p,curator,6,0.7722891566265061,0.35065668674698797,1,0.02,0.0,1.0,linear,"{""pq_M"": 160, ""search_ef"": 20}"
sl,gist1m,1p,curator,7,0.7927710843373496,0.4202409036144578,0,0.0,0.0,1.0,linear,"{""pq_M"": 160, ""search_ef"": 24}"
sl,gist1m,1p,curator,8,0.8301204819277109,0.4237216506024097,1,0.0,0.0,1.0,linear,"{""pq_M"": 160, ""search_ef"": 28}"
sl,gist1m,1p,curator,9,0.8469879518072291,0.5805112771084338,1,0.05,0.0,1.0,linear,"{""pq_M"": 160, ""search_ef"": 32}"
sl,gist1m,1p,curator,10,0.9301204819277107,0.697425421686747,1,0.0,0.0,1.0,linear,"{""pq_M"": 160, ""search_ef"": 64}"
sl,gist1m,1p,curator,11,0.9590361445783132,0.7750373132530121,0,0.0,0.0,1.0,linear,"{""pq_M"": 160, ""search_ef"": 96}"
sl,gist1m,1p,curator,12,0.9843373493975902,0.7183419518072288,0,0.0,0.0,1.0,linear,"{""pq_M"": 160, ""search_ef"": 128}"
sl,gist1m,1p,curator,13,0.9939759036144579,0.5646651686746987,0,0.0,0.0,1.0,linear,"{""pq_M"": 160, ""search_ef"": 192}"
sl,gist1m,1p,curator,14,0.9987951807228916,0.5996267228915663,0,0.0,0.0,1.0,linear,"{""pq_M"": 160, ""search_ef"": 256}"
sl,gist1m,1p,curator,15,1.0,0.697425421686747,0,0.0,0.0,1.0,linear,"{""pq_M"": 160, ""search_ef"": 384}"
sl,gist1m,1p,curator,16,1.0,0.8151445180722893,0,0.0,0.0,1.0,linear,"{""pq_M"": 160, ""search_ef"": 12288}"
sl,gist1m,1p,curator,17,1.0,0.8219426265060241,0,0.0,0.0,1.0,linear,"{""pq_M"": 160, ""search_ef"": 16384}"
sl,gist1m,1p,curator,18,1.0,0.9419908915662651,1,0.0,0.0,1.0,linear,"{""pq_M"": 160, ""search_ef"": 512}"
sl,gist1m,1p,curator,19,1.0,0.9899038795180722,0,0.0,0.0,1.0,linear,"{""pq_M"": 160, ""search_ef"": 6144}"
sl,gist1m,1p,curator,20,1.0,0.992804686746988,0,0.0,0.0,1.0,linear,"{""pq_M"": 160, ""search_ef"": 1536}"
sl,gist1m,1p,curator,21,1.0,1.0045892289156628,0,0.0,0.0,1.0,linear,"{""pq_M"": 160, ""search_ef"": 8192}"
sl,gist1m,1p,curator,22,1.0,1.0287782409638553,0,0.0,0.0,1.0,linear,"{""pq_M"": 160, ""search_ef"": 2048}"
sl,gist1m,1p,curator,23,1.0,1.043249265060241,0,0.0,0.0,1.0,linear,"{""pq_M"": 160, ""search_ef"": 768}"
sl,gist1m,1p,curator,24,1.0,1.0484733855421688,0,0.0,0.0,1.0,linear,"{""pq_M"": 160, ""search_ef"": 4096}"
sl,gist1m,1p,curator,25,1.0,1.0918013493975904,0,0.0,0.0,1.0,linear,"{""pq_M"": 160, ""search_ef"": 3072}"
sl,gist1m,1p,curator,26,1.0,1.1080255542168675,0,0.0,0.0,1.0,linear,"{""pq_M"": 160, ""search_ef"": 1024}"
sl,gist1m,1p,diskivf,0,0.5566265060240964,179.1509108433735,1,0.0,0.0,1.0,linear,"{""nlist"": 1000, ""nprobe"": 48}"
sl,gist1m,1p,diskivf,1,0.637349398,236.8928795180723,1,0.0,0.0,1.0,linear,"{""nlist"": 1000, ""nprobe"": 64}"
sl,gist1m,1p,diskivf,2,0.708433735,301.09706024096386,1,0.0,0.0,1.0,linear,"{""nlist"": 1000, ""nprobe"": 80}"
sl,gist1m,1p,diskivf,3,0.760240964,354.50785542168677,1,0.0,0.0,1.0,linear,"{""nlist"": 1000, ""nprobe"": 96}"
sl,gist1m,1p,diskivf,4,0.836144578313253,451.63071084337366,1,0.0,0.0,1.0,linear,"{""nlist"": 1000, ""nprobe"": 128}"
sl,gist1m,1p,prefilter,0,1.0,0.2581856987951808,1,0.0,0.0,1.0,linear,{}
sl,gist1m,1p,spann,0,0.5036144578313253,101.7298578313253,1,0.0,0.0,1.0,linear,"{""max_check"": 32768, ""overfetch_factor"": 1000.0, ""search_internal_result_num"": 800}"
sl,gist1m,1p,spann,1,0.574698795,107.11362530120483,1,0.0,0.0,1.0,linear,"{""max_check"": 32768, ""overfetch_factor"": 1200.0, ""search_internal_result_num"": 800}"
sl,gist1m,1p,spann,2,0.662650602,118.56742168674702,1,0.0,0.0,1.0,linear,"{""max_check"": 32768, ""overfetch_factor"": 1500.0, ""search_internal_result_num"": 900}"
sl,gist1m,1p,spann,3,0.697590361,135.09520843373497,1,0.0,0.0,1.0,linear,"{""max_check"": 32768, ""overfetch_factor"": 2000.0, ""search_internal_result_num"": 900}"
sl,gist1m,1p,spann,4,0.721084337,147.74605885605456,1,0.0,0.0,1.0,linear,"{""max_check"": 32768, ""overfetch_factor"": 2000.0, ""search_internal_result_num"": 1000}"
sl,gist1m,1p,spann,5,0.7228915662650603,158.94882771084335,0,0.0,0.0,1.0,linear,"{""max_check"": 32768, ""overfetch_factor"": 3000.0, ""search_internal_result_num"": 1000}"
sl,gist1m,1p,spann,6,0.8204819277108433,285.76878313253013,1,0.0,0.0,1.0,linear,"{""max_check"": 65536, ""overfetch_factor"": 5000.0, ""search_internal_result_num"": 2000}"
sl,gist1m,25p,curator,0,0.5306666666666666,0.46670406,1,0.0,0.0,1.0,linear,"{""pq_M"": 160, ""search_ef"": 8}"
sl,gist1m,25p,curator,1,0.593333333,0.49402594666666666,1,0.0,0.0,1.0,linear,"{""pq_M"": 160, ""search_ef"": 10}"
sl,gist1m,25p,curator,2,0.6463333333333333,0.7018806166666667,0,0.0,0.0,1.0,linear,"{""pq_M"": 160, ""search_ef"": 12}"
sl,gist1m,25p,curator,3,0.6816666666666666,0.6355679566666667,0,0.0,0.0,1.0,linear,"{""pq_M"": 160, ""search_ef"": 14}"
sl,gist1m,25p,curator,4,0.71,1.08567105,0,0.0,0.0,1.0,linear,"{""pq_M"": 160, ""search_ef"": 16}"
sl,gist1m,25p,curator,5,0.740333333,0.54607456,1,0.0,0.0,1.0,linear,"{""pq_M"": 160, ""search_ef"": 18}"
sl,gist1m,25p,curator,6,0.756666667,0.5849360833333332,1,0.02,0.0,1.0,linear,"{""pq_M"": 160, ""search_ef"": 20}"
sl,gist1m,25p,curator,7,0.784,0.68827227,0,0.0,0.0,1.0,linear,"{""pq_M"": 160, ""search_ef"": 24}"
sl,gist1m,25p,curator,8,0.798,0.67799147,1,0.0,0.0,1.0,linear,"{""pq_M"": 160, ""search_ef"": 28}"
sl,gist1m,25p,curator,9,0.806666667,0.9070304233333334,1,0.07,0.1,1.0,linear,"{""pq_M"": 160, ""search_ef"": 32}"
sl,gist1m,25p,curator,10,0.869,1.1870114533333334,0,0.0,0.0,1.0,linear,"{""pq_M"": 160, ""search_ef"": 64}"
sl,gist1m,25p,curator,11,0.8970000000000001,1.28480731,0,0.0,0.0,1.0,linear,"{""pq_M"": 160, ""search_ef"": 96}"
sl,gist1m,25p,curator,12,0.9266666666666666,1.3101193966666667,1,0.0,0.0,1.0,linear,"{""pq_M"": 160, ""search_ef"": 128}"
sl,gist1m,25p,curator,13,0.955666667,1.0543082666666665,0,0.0,0.0,1.0,linear,"{""pq_M"": 160, ""search_ef"": 192}"
sl,gist1m,25p,curator,14,0.969,1.0933372566666666,0,0.0,0.0,1.0,linear,"{""pq_M"": 160, ""search_ef"": 256}"
sl,gist1m,25p,curator,15,0.9833333333333333,1.22764164,0,0.0,0.0,1.0,linear,"{""pq_M"": 160, ""search_ef"": 384}"
sl,gist1m,25p,curator,16,0.9896666666666666,1.7836642466666666,0,0.0,0.0,1.0,linear,"{""pq_M"": 160, ""search_ef"": 512}"
sl,gist1m,25p,curator,17,0.9946666666666666,2.1587735666666665,1,0.0,0.0,1.0,linear,"{""pq_M"": 160, ""search_ef"": 768}"
sl,gist1m,25p,curator,18,0.996,2.395133466666667,0,0.0,0.0,1.0,linear,"{""pq_M"": 160, ""search_ef"": 1024}"
sl,gist1m,25p,curator,19,0.9973333333333333,2.5166817333333333,0,0.0,0.0,1.0,linear,"{""pq_M"": 160, ""search_ef"": 1536}"
sl,gist1m,25p,curator,20,0.9979999999999999,2.7717481333333334,1,0.0,0.0,1.0,linear,"{""pq_M"": 160, ""search_ef"": 16384}"
sl,gist1m,25p,curator,21,0.9979999999999999,2.837528,0,0.0,0.0,1.0,linear,"{""pq_M"": 160, ""search_ef"": 12288}"
sl,gist1m,25p,curator,22,0.9979999999999999,2.933461366666667,0,0.0,0.0,1.0,linear,"{""pq_M"": 160, ""search_ef"": 2048}"
sl,gist1m,25p,curator,23,0.9979999999999999,3.3160026666666664,0,0.0,0.0,1.0,linear,"{""pq_M"": 160, ""search_ef"": 8192}"
sl,gist1m,25p,curator,24,0.9979999999999999,3.4023394,0,0.0,0.0,1.0,linear,"{""pq_M"": 160, ""search_ef"": 3072}"
sl,gist1m,25p,curator,25,0.9979999999999999,3.4081194333333333,0,0.0,0.0,1.0,linear,"{""pq_M"": 160, ""search_ef"": 6144}"
sl,gist1m,25p,curator,26,0.9979999999999999,3.4773998666666666,0,0.0,0.0,1.0,linear,"{""pq_M"": 160, ""search_ef"": 4096}"
sl,gist1m,25p,diskivf,0,0.548,67.70347133333334,1,0.0,0.0,1.0,linear,"{""nlist"": 1000, ""nprobe"": 20}"
sl,gist1m,25p,diskivf,1,0.598,81.46462,1,0.0,0.0,1.0,linear,"{""nlist"": 1000, ""nprobe"": 24}"
sl,gist1m,25p,diskivf,2,0.663333333,111.40069166666667,1,0.0,0.0,1.0,linear,"{""nlist"": 1000, ""nprobe"": 32}"
sl,gist1m,25p,diskivf,3,0.764,181.50179599999998,1,0.0,0.0,1.0,linear,"{""nlist"": 1000, ""nprobe"": 48}"
sl,gist1m,25p,diskivf,4,0.832666667,237.21770966666665,1,0.0,0.0,1.0,linear,"{""nlist"": 1000, ""nprobe"": 64}"
sl,gist1m,25p,diskivf,5,0.875,299.35615,1,0.0,0.0,1.0,linear,"{""nlist"": 1000, ""nprobe"": 80}"
sl,gist1m,25p,diskivf,6,0.904333333,351.1498033333333,1,0.0,0.0,1.0,linear,"{""nlist"": 1000, ""nprobe"": 96}"
sl,gist1m,25p,diskivf,7,0.9493333333333334,456.5520966666667,1,0.0,0.0,1.0,linear,"{""nlist"": 1000, ""nprobe"": 128}"
sl,gist1m,25p,prefilter,0,1.0,1.9466981999999997,1,0.0,0.0,1.0,linear,{}
sl,gist1m,25p,spann,0,0.5313333333333332,14.706950399999998,1,0.0,8.0,1.0,linear,"{""max_check"": 8192, ""overfetch_factor"": 150.0, ""search_internal_result_num"": 0}"
sl,gist1m,25p,spann,1,0.5439999999999999,25.092676666666666,0,0.0,0.0,1.0,linear,"{""max_check"": 8192, ""overfetch_factor"": 500.0, ""search_internal_result_num"": 50}"
sl,gist1m,25p,spann,2,0.5666666666666667,16.8017861,0,0.0,0.0,1.0,linear,"{""max_check"": 16384, ""overfetch_factor"": 200.0, ""search_internal_result_num"": 0}"
sl,gist1m,25p,spann,3,0.5716666666666667,21.034431666666666,0,0.0,0.0,1.0,linear,"{""max_check"": 8192, ""overfetch_factor"": 300.0, ""search_internal_result_num"": 0}"
sl,gist1m,25p,spann,5,0.5726666666666667,33.906795333333335,0,0.0,0.0,1.0,linear,"{""max_check"": 32768, ""overfetch_factor"": 500.0, ""search_internal_result_num"": 0}"
sl,gist1m,25p,spann,4,0.572666667,25.13776133333333,1,0.0,0.0,1.0,linear,"{""max_check"": 8192, ""overfetch_factor"": 500.0, ""search_internal_result_num"": 0}"
sl,gist1m,25p,spann,6,0.574,41.24137933333333,0,0.0,0.0,1.0,linear,"{""max_check"": 32768, ""overfetch_factor"": 1000.0, ""search_internal_result_num"": 0}"
sl,gist1m,25p,spann,7,0.628666667,29.190119666666668,1,0.0,0.0,1.0,linear,"{""max_check"": 8192, ""overfetch_factor"": 500.0, ""search_internal_result_num"": 100}"
sl,gist1m,25p,spann,8,0.722,42.70926533333334,1,0.0,0.0,1.0,linear,"{""max_check"": 16384, ""overfetch_factor"": 500.0, ""search_internal_result_num"": 200}"
sl,gist1m,25p,spann,9,0.853,73.70386733333333,1,0.0,0.0,1.0,linear,"{""max_check"": 32768, ""overfetch_factor"": 1000.0, ""search_internal_result_num"": 500}"
sl,gist1m,25p,spann,10,0.878666667,94.60822,1,0.0,0.0,1.0,linear,"{""max_check"": 32768, ""overfetch_factor"": 1000.0, ""search_internal_result_num"": 600}"
sl,gist1m,25p,spann,11,0.8940000000000001,97.30774833333332,0,0.0,0.0,1.0,linear,"{""max_check"": 32768, ""overfetch_factor"": 1000.0, ""search_internal_result_num"": 700}"
sl,gist1m,25p,spann,13,0.9106666666666668,113.12827966666667,0,0.0,0.0,1.0,linear,"{""max_check"": 32768, ""overfetch_factor"": 1200.0, ""search_internal_result_num"": 800}"
sl,gist1m,25p,spann,12,0.910666667,107.95593133333333,1,0.0,0.0,1.0,linear,"{""max_check"": 32768, ""overfetch_factor"": 1000.0, ""search_internal_result_num"": 800}"
sl,gist1m,25p,spann,14,0.9229999999999999,125.88012900000001,0,0.0,0.0,1.0,linear,"{""max_check"": 32768, ""overfetch_factor"": 1500.0, ""search_internal_result_num"": 900}"
sl,gist1m,25p,spann,15,0.9229999999999999,130.92737133333333,0,0.0,0.0,1.0,linear,"{""max_check"": 32768, ""overfetch_factor"": 2000.0, ""search_internal_result_num"": 900}"
sl,gist1m,25p,spann,16,0.93,142.77631066666666,0,0.0,0.0,1.0,linear,"{""max_check"": 32768, ""overfetch_factor"": 2000.0, ""search_internal_result_num"": 1000}"
sl,gist1m,25p,spann,17,0.9309999999999998,160.15954333333332,1,0.0,0.0,1.0,linear,"{""max_check"": 32768, ""overfetch_factor"": 3000.0, ""search_internal_result_num"": 1000}"
sl,gist1m,25p,spann,18,0.9723333333333333,288.23618666666664,1,0.0,0.0,1.0,linear,"{""max_check"": 65536, ""overfetch_factor"": 5000.0, ""search_internal_result_num"": 2000}"
sl,gist1m,50p,curator,0,0.5475471698113208,0.8778142867924529,1,0.0,0.0,1.0,linear,"{""pq_M"": 160, ""search_ef"": 64}"
sl,gist1m,50p,curator,1,0.6030188679245283,0.9581106075471698,0,0.0,0.0,1.0,linear,"{""pq_M"": 160, ""search_ef"": 96}"
sl,gist1m,50p,curator,2,0.6513207547169813,0.9008525018867927,1,0.0,0.0,1.0,linear,"{""pq_M"": 160, ""search_ef"": 128}"
sl,gist1m,50p,curator,3,0.719245283018868,0.7480430226415095,0,0.0,0.0,1.0,linear,"{""pq_M"": 160, ""search_ef"": 192}"
sl,gist1m,50p,curator,4,0.7543396226415094,0.8221901773584906,0,0.0,0.0,1.0,linear,"{""pq_M"": 160, ""search_ef"": 256}"
sl,gist1m,50p,curator,5,0.800754716981132,0.9094407245283019,1,0.01,0.1,1.0,linear,"{""pq_M"": 160, ""search_ef"": 384}"
sl,gist1m,50p,curator,6,0.8437735849056605,1.3947173433962265,1,0.04,0.0,1.0,linear,"{""pq_M"": 160, ""search_ef"": 512}"
sl,gist1m,50p,curator,7,0.8883018867924529,2.043531811320755,1,0.03,0.0,1.0,linear,"{""pq_M"": 160, ""search_ef"": 768}"
sl,gist1m,50p,curator,8,0.9169811320754717,2.3028021132075467,1,0.02,0.0,1.0,linear,"{""pq_M"": 160, ""search_ef"": 1024}"
sl,gist1m,50p,curator,9,0.9577358490566039,2.757314641509434,1,0.0,0.0,1.0,linear,"{""pq_M"": 160, ""search_ef"": 1536}"
sl,gist1m,50p,curator,10,0.9732075471698113,3.5420609433962262,0,0.0,0.0,1.0,linear,"{""pq_M"": 160, ""search_ef"": 2048}"
sl,gist1m,50p,curator,11,0.9864150943396228,5.281569660377359,1,0.0,0.0,1.0,linear,"{""pq_M"": 160, ""search_ef"": 3072}"
sl,gist1m,50p,curator,12,0.9932075471698113,6.555829245283019,0,0.0,0.0,1.0,linear,"{""pq_M"": 160, ""search_ef"": 4096}"
sl,gist1m,50p,curator,13,0.9947169811320755,10.045935358490565,0,0.0,0.0,1.0,linear,"{""pq_M"": 160, ""search_ef"": 6144}"
sl,gist1m,50p,curator,14,0.9958490566037735,13.203924150943397,1,0.0,0.0,1.0,linear,"{""pq_M"": 160, ""search_ef"": 8192}"
sl,gist1m,50p,curator,15,0.9958490566037735,18.569123018867927,0,0.0,0.0,1.0,linear,"{""pq_M"": 160, ""search_ef"": 12288}"
sl,gist1m,50p,curator,16,0.9958490566037735,25.055235094339626,0,0.0,0.0,1.0,linear,"{""pq_M"": 160, ""search_ef"": 16384}"
sl,gist1m,50p,diskivf,0,0.5279245283018867,38.03566664150944,1,0.0,0.0,1.0,linear,"{""nlist"": 1000, ""nprobe"": 8}"
sl,gist1m,50p,diskivf,1,0.573207547,44.04735313207547,1,0.0,0.0,1.0,linear,"{""nlist"": 1000, ""nprobe"": 10}"
sl,gist1m,50p,diskivf,2,0.6196226415094339,51.11418622641509,0,0.0,0.0,1.0,linear,"{""nlist"": 1000, ""nprobe"": 12}"
sl,gist1m,50p,diskivf,3,0.683396226,67.13596867924528,1,0.0,0.0,1.0,linear,"{""nlist"": 1000, ""nprobe"": 16}"
sl,gist1m,50p,diskivf,4,0.734716981,82.52237018867925,1,0.0,0.0,1.0,linear,"{""nlist"": 1000, ""nprobe"": 20}"
sl,gist1m,50p,diskivf,5,0.77509434,100.07984981132077,1,0.0,0.0,1.0,linear,"{""nlist"": 1000, ""nprobe"": 24}"
sl,gist1m,50p,diskivf,6,0.836603774,138.36524716981134,1,0.0,0.0,1.0,linear,"{""nlist"": 1000, ""nprobe"": 32}"
sl,gist1m,50p,diskivf,7,0.9007547169811321,213.56083018867926,0,0.0,0.0,1.0,linear,"{""nlist"": 1000, ""nprobe"": 48}"
sl,gist1m,50p,diskivf,8,0.934716981,278.3533154716981,1,0.0,0.0,1.0,linear,"{""nlist"": 1000, ""nprobe"": 64}"
sl,gist1m,50p,diskivf,9,0.9618867924528303,336.47342301886795,0,0.0,0.0,1.0,linear,"{""nlist"": 1000, ""nprobe"": 80}"
sl,gist1m,50p,diskivf,10,0.9735849056603774,405.4537320754717,0,0.0,0.0,1.0,linear,"{""nlist"": 1000, ""nprobe"": 96}"
sl,gist1m,50p,diskivf,11,0.987547169811321,512.7635660377358,1,0.0,0.0,1.0,linear,"{""nlist"": 1000, ""nprobe"": 128}"
sl,gist1m,50p,prefilter,0,1.0,7.066349509433962,1,0.0,0.0,1.0,linear,{}
sl,gist1m,50p,spann,0,0.580377358490566,23.11074150943396,1,0.0,0.0,1.0,linear,"{""max_check"": 8192, ""overfetch_factor"": 500.0, ""search_internal_result_num"": 25}"
sl,gist1m,50p,spann,1,0.5883018867924529,9.381451962264151,0,0.0,0.0,1.0,linear,"{""max_check"": 8192, ""overfetch_factor"": 40.0, ""search_internal_result_num"": 0}"
sl,gist1m,50p,spann,2,0.6460377358490565,9.187622150943396,0,0.0,0.0,1.0,linear,"{""max_check"": 8192, ""overfetch_factor"": 50.0, ""search_internal_result_num"": 0}"
sl,gist1m,50p,spann,3,0.6599999999999999,22.223542264150943,0,0.0,0.0,1.0,linear,"{""max_check"": 8192, ""overfetch_factor"": 500.0, ""search_internal_result_num"": 50}"
sl,gist1m,50p,spann,4,0.6826415094339623,10.414805811320754,0,0.0,0.0,1.0,linear,"{""max_check"": 8192, ""overfetch_factor"": 75.0, ""search_internal_result_num"": 0}"
sl,gist1m,50p,spann,5,0.6887735849056604,24.088952671955003,1,0.0,0.0,1.0,linear,"{""max_check"": 8192, ""overfetch_factor"": 150.0, ""search_internal_result_num"": 0}"
sl,gist1m,50p,spann,6,0.6894339622641509,15.257560188679246,0,0.0,0.0,1.0,linear,"{""max_check"": 16384, ""overfetch_factor"": 200.0, ""search_internal_result_num"": 0}"
sl,gist1m,50p,spann,7,0.6898113207547171,18.944971811320755,0,0.0,0.0,1.0,linear,"{""max_check"": 8192, ""overfetch_factor"": 300.0, ""search_internal_result_num"": 0}"
sl,gist1m,50p,spann,8,0.690566037735849,12.668952716981131,0,0.0,0.0,1.0,linear,"{""max_check"": 16384, ""overfetch_factor"": 100.0, ""search_internal_result_num"": 0}"
sl,gist1m,50p,spann,9,0.690566037735849,22.339470188679247,0,0.0,0.0,1.0,linear,"{""max_check"": 8192, ""overfetch_factor"": 500.0, ""search_internal_result_num"": 0}"
sl,gist1m,50p,spann,10,0.6909433962264152,30.800946792452837,0,0.0,0.0,1.0,linear,"{""max_check"": 32768, ""overfetch_factor"": 500.0, ""search_internal_result_num"": 0}"
sl,gist1m,50p,spann,11,0.6909433962264152,38.04291735849057,0,0.0,0.0,1.0,linear,"{""max_check"": 32768, ""overfetch_factor"": 1000.0, ""search_internal_result_num"": 0}"
sl,gist1m,50p,spann,12,0.7505660377358491,25.971614716981133,0,0.0,0.0,1.0,linear,"{""max_check"": 8192, ""overfetch_factor"": 500.0, ""search_internal_result_num"": 100}"
sl,gist1m,50p,spann,13,0.8445283018867925,40.05629132075472,1,0.0,0.0,1.0,linear,"{""max_check"": 16384, ""overfetch_factor"": 500.0, ""search_internal_result_num"": 200}"
sl,gist1m,50p,spann,14,0.9388679245283019,66.92747283018868,1,0.0,0.0,1.0,linear,"{""max_check"": 32768, ""overfetch_factor"": 1000.0, ""search_internal_result_num"": 500}"
sl,gist1m,50p,spann,15,0.9479245283018868,86.76489735849057,1,0.0,0.0,1.0,linear,"{""max_check"": 32768, ""overfetch_factor"": 1000.0, ""search_internal_result_num"": 600}"
sl,gist1m,50p,spann,16,0.9566037735849058,87.72599660377357,0,0.0,0.0,1.0,linear,"{""max_check"": 32768, ""overfetch_factor"": 1000.0, ""search_internal_result_num"": 700}"
sl,gist1m,50p,spann,17,0.9615094339622642,102.11665849056604,0,0.0,0.0,1.0,linear,"{""max_check"": 32768, ""overfetch_factor"": 1000.0, ""search_internal_result_num"": 800}"
sl,gist1m,50p,spann,18,0.9618867924528303,103.17440943396227,0,0.0,0.0,1.0,linear,"{""max_check"": 32768, ""overfetch_factor"": 1200.0, ""search_internal_result_num"": 800}"
sl,gist1m,50p,spann,19,0.9671698113207547,125.65238679245283,0,0.0,0.0,1.0,linear,"{""max_check"": 32768, ""overfetch_factor"": 2000.0, ""search_internal_result_num"": 900}"
sl,gist1m,50p,spann,20,0.9675471698113207,117.65603660377359,0,0.0,0.0,1.0,linear,"{""max_check"": 32768, ""overfetch_factor"": 1500.0, ""search_internal_result_num"": 900}"
sl,gist1m,50p,spann,21,0.9701886792452831,132.1697596226415,0,0.0,0.0,1.0,linear,"{""max_check"": 32768, ""overfetch_factor"": 2000.0, ""search_internal_result_num"": 1000}"
sl,gist1m,50p,spann,22,0.9709433962264151,148.67055056603775,1,0.0,0.0,1.0,linear,"{""max_check"": 32768, ""overfetch_factor"": 3000.0, ""search_internal_result_num"": 1000}"
sl,gist1m,50p,spann,23,0.9913207547169811,257.2118150943396,1,0.0,0.0,1.0,linear,"{""max_check"": 65536, ""overfetch_factor"": 5000.0, ""search_internal_result_num"": 2000}"
sl,gist1m,75p,curator,0,0.536470588235294,1.129095111764706,1,0.0,0.0,1.0,linear,"{""pq_M"": 160, ""search_ef"": 128}"
sl,gist1m,75p,curator,1,0.5873529411764705,0.9608383794117645,0,0.0,0.0,1.0,linear,"{""pq_M"": 160, ""search_ef"": 192}"
sl,gist1m,75p,curator,2,0.6185294117647059,1.0298749029411765,0,0.0,0.0,1.0,linear,"{""pq_M"": 160, ""search_ef"": 256}"
sl,gist1m,75p,curator,3,0.665588235,1.1889733205882353,1,0.0,0.2,1.0,linear,"{""pq_M"": 160, ""search_ef"": 384}"
sl,gist1m,75p,curator,4,0.701176471,1.8457740676470589,1,0.0,0.0,1.0,linear,"{""pq_M"": 160, ""search_ef"": 512}"
sl,gist1m,75p,curator,5,0.755,2.2585266176470586,1,0.0,0.0,1.0,linear,"{""pq_M"": 160, ""search_ef"": 768}"
sl,gist1m,75p,curator,6,0.788529412,2.6194147941176467,1,0.0,0.0,1.0,linear,"{""pq_M"": 160, ""search_ef"": 1024}"
sl,gist1m,75p,curator,7,0.8364705882352942,3.342374323529412,0,0.0,0.0,1.0,linear,"{""pq_M"": 160, ""search_ef"": 1536}"
sl,gist1m,75p,curator,8,0.856764706,4.0079872352941175,1,0.0,0.0,1.0,linear,"{""pq_M"": 160, ""search_ef"": 2048}"
sl,gist1m,75p,curator,9,0.8964705882352944,5.470483029411764,0,0.0,0.0,1.0,linear,"{""pq_M"": 160, ""search_ef"": 3072}"
sl,gist1m,75p,curator,10,0.910588235,6.308733970588236,1,0.0,0.0,1.0,linear,"{""pq_M"": 160, ""search_ef"": 4096}"
sl,gist1m,75p,curator,11,0.9391176470588236,9.175367176470589,0,0.0,0.0,1.0,linear,"{""pq_M"": 160, ""search_ef"": 6144}"
sl,gist1m,75p,curator,12,0.9576470588235295,11.588674088235294,1,0.0,0.0,1.0,linear,"{""pq_M"": 160, ""search_ef"": 8192}"
sl,gist1m,75p,curator,13,0.9702941176470588,14.360966500000002,0,0.0,0.0,1.0,linear,"{""pq_M"": 160, ""search_ef"": 12288}"
sl,gist1m,75p,curator,14,0.9755882352941178,19.493860882352944,1,0.0,0.0,1.0,linear,"{""pq_M"": 160, ""search_ef"": 16384}"
sl,gist1m,75p,diskivf,0,0.523235294117647,32.616380735294115,1,0.0,0.0,1.0,linear,"{""nlist"": 1000, ""nprobe"": 8}"
sl,gist1m,75p,diskivf,1,0.577647059,39.946035264705884,1,0.0,0.0,1.0,linear,"{""nlist"": 1000, ""nprobe"": 10}"
sl,gist1m,75p,diskivf,2,0.6108823529411765,48.17512088235294,0,0.0,0.0,1.0,linear,"{""nlist"": 1000, ""nprobe"": 12}"
sl,gist1m,75p,diskivf,3,0.677647059,62.381411794117646,1,0.0,0.0,1.0,linear,"{""nlist"": 1000, ""nprobe"": 16}"
sl,gist1m,75p,diskivf,4,0.732352941,77.73917420588235,1,0.0,0.0,1.0,linear,"{""nlist"": 1000, ""nprobe"": 20}"
sl,gist1m,75p,diskivf,5,0.774411765,92.59934264705883,1,0.0,0.0,1.0,linear,"{""nlist"": 1000, ""nprobe"": 24}"
sl,gist1m,75p,diskivf,6,0.833529412,126.03312058823529,1,0.0,0.0,1.0,linear,"{""nlist"": 1000, ""nprobe"": 32}"
sl,gist1m,75p,diskivf,7,0.8961764705882355,205.04161823529412,0,0.0,0.0,1.0,linear,"{""nlist"": 1000, ""nprobe"": 48}"
sl,gist1m,75p,diskivf,8,0.934705882,263.1508723529412,1,0.0,0.0,1.0,linear,"{""nlist"": 1000, ""nprobe"": 64}"
sl,gist1m,75p,diskivf,9,0.9532352941176472,334.39692647058826,0,0.0,0.0,1.0,linear,"{""nlist"": 1000, ""nprobe"": 80}"
sl,gist1m,75p,diskivf,10,0.965294117647059,396.6238882352942,0,0.0,0.0,1.0,linear,"{""nlist"": 1000, ""nprobe"": 96}"
sl,gist1m,75p,diskivf,11,0.9814705882352942,502.02347647058826,1,0.0,0.0,1.0,linear,"{""nlist"": 1000, ""nprobe"": 128}"
sl,gist1m,75p,prefilter,0,1.0,29.253635588235294,1,0.0,0.0,1.0,linear,{}
sl,gist1m,75p,spann,0,0.5464705882352942,8.760142735294117,1,0.0,0.0,1.0,linear,"{""max_check"": 8192, ""overfetch_factor"": 10.0, ""search_internal_result_num"": 0}"
sl,gist1m,75p,spann,1,0.6064705882352942,9.28979144117647,1,0.0,0.0,1.0,linear,"{""max_check"": 8192, ""overfetch_factor"": 12.0, ""search_internal_result_num"": 0}"
sl,gist1m,75p,spann,2,0.6529411764705882,25.83466470588235,0,0.0,0.0,1.0,linear,"{""max_check"": 8192, ""overfetch_factor"": 500.0, ""search_internal_result_num"": 25}"
sl,gist1m,75p,spann,3,0.6585294117647059,9.39747988235294,1,0.0,0.0,1.0,linear,"{""max_check"": 8192, ""overfetch_factor"": 15.0, ""search_internal_result_num"": 0}"
sl,gist1m,75p,spann,4,0.7300000000000001,9.383593852941177,0,0.0,0.0,1.0,linear,"{""max_check"": 8192, ""overfetch_factor"": 20.0, ""search_internal_result_num"": 0}"
sl,gist1m,75p,spann,5,0.7347058823529412,24.574914411764706,0,0.0,0.0,1.0,linear,"{""max_check"": 8192, ""overfetch_factor"": 500.0, ""search_internal_result_num"": 50}"
sl,gist1m,75p,spann,6,0.7464705882352941,8.061381088235295,0,0.0,0.0,1.0,linear,"{""max_check"": 4096, ""overfetch_factor"": 25.0, ""search_internal_result_num"": 0}"
sl,gist1m,75p,spann,7,0.7544117647058823,10.400621294117647,0,0.0,0.0,1.0,linear,"{""max_check"": 8192, ""overfetch_factor"": 25.0, ""search_internal_result_num"": 0}"
sl,gist1m,75p,spann,8,0.7626470588235292,9.884483794117648,0,0.0,0.0,1.0,linear,"{""max_check"": 8192, ""overfetch_factor"": 30.0, ""search_internal_result_num"": 0}"
sl,gist1m,75p,spann,9,0.7638235294117647,9.892135823529411,0,0.0,0.0,1.0,linear,"{""max_check"": 8192, ""overfetch_factor"": 40.0, ""search_internal_result_num"": 0}"
sl,gist1m,75p,spann,10,0.7641176470588236,9.731146470588234,0,0.0,0.0,1.0,linear,"{""max_check"": 8192, ""overfetch_factor"": 50.0, ""search_internal_result_num"": 0}"
sl,gist1m,75p,spann,11,0.766470588235294,19.860844924050724,0,0.0,0.0,1.0,linear,"{""max_check"": 8192, ""overfetch_factor"": 75.0, ""search_internal_result_num"": 0}"
sl,gist1m,75p,spann,12,0.7685294117647059,13.854108941176468,1,0.0,0.0,1.0,linear,"{""max_check"": 16384, ""overfetch_factor"": 100.0, ""search_internal_result_num"": 0}"
sl,gist1m,75p,spann,13,0.7691176470588236,14.377584970588236,0,0.0,0.0,1.0,linear,"{""max_check"": 8192, ""overfetch_factor"": 150.0, ""search_internal_result_num"": 0}"
sl,gist1m,75p,spann,14,0.7691176470588236,32.99944823529412,0,0.0,0.0,1.0,linear,"{""max_check"": 32768, ""overfetch_factor"": 500.0, ""search_internal_result_num"": 0}"
sl,gist1m,75p,spann,15,0.7694117647058825,16.668757676470587,0,0.0,0.0,1.0,linear,"{""max_check"": 16384, ""overfetch_factor"": 200.0, ""search_internal_result_num"": 0}"
sl,gist1m,75p,spann,16,0.7697058823529414,21.393274411764704,0,0.0,0.0,1.0,linear,"{""max_check"": 8192, ""overfetch_factor"": 300.0, ""search_internal_result_num"": 0}"
sl,gist1m,75p,spann,17,0.7697058823529414,24.674887352941177,0,0.0,0.0,1.0,linear,"{""max_check"": 8192, ""overfetch_factor"": 500.0, ""search_internal_result_num"": 0}"
sl,gist1m,75p,spann,18,0.7702941176470588,39.906298529411764,0,0.0,0.0,1.0,linear,"{""max_check"": 32768, ""overfetch_factor"": 1000.0, ""search_internal_result_num"": 0}"
sl,gist1m,75p,spann,19,0.8302941176470588,28.727932647058818,0,0.0,0.0,1.0,linear,"{""max_check"": 8192, ""overfetch_factor"": 500.0, ""search_internal_result_num"": 100}"
sl,gist1m,75p,spann,20,0.8991176470588237,41.63079588235294,1,0.0,0.0,1.0,linear,"{""max_check"": 16384, ""overfetch_factor"": 500.0, ""search_internal_result_num"": 200}"
sl,gist1m,75p,spann,21,0.9555882352941177,72.64737705882354,1,0.0,0.0,1.0,linear,"{""max_check"": 32768, ""overfetch_factor"": 1000.0, ""search_internal_result_num"": 500}"
sl,gist1m,75p,spann,22,0.9647058823529412,92.61070647058823,0,0.0,0.0,1.0,linear,"{""max_check"": 32768, ""overfetch_factor"": 1000.0, ""search_internal_result_num"": 600}"
sl,gist1m,75p,spann,23,0.9694117647058824,97.56919676470588,0,0.0,0.0,1.0,linear,"{""max_check"": 32768, ""overfetch_factor"": 1000.0, ""search_internal_result_num"": 700}"
sl,gist1m,75p,spann,24,0.9744117647058824,109.33051294117647,0,0.0,0.0,1.0,linear,"{""max_check"": 32768, ""overfetch_factor"": 1000.0, ""search_internal_result_num"": 800}"
sl,gist1m,75p,spann,25,0.975,113.02178470588233,0,0.0,0.0,1.0,linear,"{""max_check"": 32768, ""overfetch_factor"": 1200.0, ""search_internal_result_num"": 800}"
sl,gist1m,75p,spann,26,0.9788235294117648,124.37385529411762,0,0.0,0.0,1.0,linear,"{""max_check"": 32768, ""overfetch_factor"": 1500.0, ""search_internal_result_num"": 900}"
sl,gist1m,75p,spann,27,0.9791176470588234,131.7189485294118,0,0.0,0.0,1.0,linear,"{""max_check"": 32768, ""overfetch_factor"": 2000.0, ""search_internal_result_num"": 900}"
sl,gist1m,75p,spann,28,0.9811764705882353,137.6421094117647,1,0.0,0.0,1.0,linear,"{""max_check"": 32768, ""overfetch_factor"": 2000.0, ""search_internal_result_num"": 1000}"
sl,gist1m,75p,spann,29,0.981764705882353,153.94709794117648,0,0.0,0.0,1.0,linear,"{""max_check"": 32768, ""overfetch_factor"": 3000.0, ""search_internal_result_num"": 1000}"
sl,gist1m,75p,spann,30,0.9935294117647058,288.68907352941176,1,0.0,0.0,1.0,linear,"{""max_check"": 65536, ""overfetch_factor"": 5000.0, ""search_internal_result_num"": 2000}"
sl,gist1m,99p,curator,0,0.5166666666666666,1.5701025,1,0.0,0.0,1.0,linear,"{""pq_M"": 160, ""search_ef"": 512}"
sl,gist1m,99p,curator,1,0.566666667,2.2589241666666666,1,0.0,0.0,1.0,linear,"{""pq_M"": 160, ""search_ef"": 768}"
sl,gist1m,99p,curator,2,0.5916666666666667,2.9008833333333333,0,0.0,0.0,1.0,linear,"{""pq_M"": 160, ""search_ef"": 1024}"
sl,gist1m,99p,curator,3,0.65,3.1180291666666666,1,0.0,0.0,1.0,linear,"{""pq_M"": 160, ""search_ef"": 1536}"
sl,gist1m,99p,curator,4,0.691666667,3.9863358333333334,1,0.0,0.0,1.0,linear,"{""pq_M"": 160, ""search_ef"": 2048}"
sl,gist1m,99p,curator,5,0.725,5.034850833333333,0,0.0,0.0,1.0,linear,"{""pq_M"": 160, ""search_ef"": 3072}"
sl,gist1m,99p,curator,6,0.758333333,7.653745,1,0.0,0.0,1.0,linear,"{""pq_M"": 160, ""search_ef"": 4096}"
sl,gist1m,99p,curator,7,0.8083333333333335,9.547041666666667,0,0.0,0.0,1.0,linear,"{""pq_M"": 160, ""search_ef"": 6144}"
sl,gist1m,99p,curator,8,0.825,12.740325,1,0.0,0.0,1.0,linear,"{""pq_M"": 160, ""search_ef"": 8192}"
sl,gist1m,99p,curator,9,0.9,20.111774999999998,1,0.0,0.0,1.0,linear,"{""pq_M"": 160, ""search_ef"": 12288}"
sl,gist1m,99p,curator,10,0.9500000000000001,26.277608333333333,1,0.0,0.0,1.0,linear,"{""pq_M"": 160, ""search_ef"": 16384}"
sl,gist1m,99p,diskivf,0,0.5750000000000001,27.08908333333334,1,0.0,0.0,1.0,linear,"{""nlist"": 1000, ""nprobe"": 8}"
sl,gist1m,99p,diskivf,1,0.65,29.693783333333336,1,0.0,0.0,1.0,linear,"{""nlist"": 1000, ""nprobe"": 10}"
sl,gist1m,99p,diskivf,2,0.7,38.62959166666667,1,0.0,0.0,1.0,linear,"{""nlist"": 1000, ""nprobe"": 12}"
sl,gist1m,99p,diskivf,3,0.758333333,48.33568333333333,1,0.0,0.0,1.0,linear,"{""nlist"": 1000, ""nprobe"": 16}"
sl,gist1m,99p,diskivf,4,0.7833333333333333,54.77693333333334,0,0.0,0.0,1.0,linear,"{""nlist"": 1000, ""nprobe"": 20}"
sl,gist1m,99p,diskivf,5,0.7916666666666669,73.17337500000001,0,0.0,0.0,1.0,linear,"{""nlist"": 1000, ""nprobe"": 24}"
sl,gist1m,99p,diskivf,6,0.833333333,101.13346666666666,1,0.0,0.0,1.0,linear,"{""nlist"": 1000, ""nprobe"": 32}"
sl,gist1m,99p,diskivf,7,0.908333333,178.84533333333334,1,0.0,0.0,1.0,linear,"{""nlist"": 1000, ""nprobe"": 48}"
sl,gist1m,99p,diskivf,8,0.941666667,226.84258333333332,1,0.0,0.0,1.0,linear,"{""nlist"": 1000, ""nprobe"": 64}"
sl,gist1m,99p,diskivf,9,0.9750000000000001,296.84191666666663,0,0.0,0.0,1.0,linear,"{""nlist"": 1000, ""nprobe"": 80}"
sl,gist1m,99p,diskivf,10,0.9833333333333334,365.01825,0,0.0,0.0,1.0,linear,"{""nlist"": 1000, ""nprobe"": 96}"
sl,gist1m,99p,diskivf,11,0.9916666666666667,486.96908333333323,1,0.0,0.0,1.0,linear,"{""nlist"": 1000, ""nprobe"": 128}"
sl,gist1m,99p,prefilter,0,1.0,112.74941666666668,1,0.0,0.0,1.0,linear,{}
sl,gist1m,99p,spann,0,0.7083333333333334,25.60356666666667,1,0.0,0.0,1.0,linear,"{""max_check"": 8192, ""overfetch_factor"": 500.0, ""search_internal_result_num"": 25}"
sl,gist1m,99p,spann,1,0.7583333333333333,24.923233333333332,0,0.0,0.0,1.0,linear,"{""max_check"": 8192, ""overfetch_factor"": 500.0, ""search_internal_result_num"": 50}"
sl,gist1m,99p,spann,2,0.7666666666666667,7.593257499999999,0,0.0,0.0,1.0,linear,"{""max_check"": 4096, ""overfetch_factor"": 25.0, ""search_internal_result_num"": 0}"
sl,gist1m,99p,spann,3,0.775,8.376491666666668,0,0.0,0.0,1.0,linear,"{""max_check"": 8192, ""overfetch_factor"": 10.0, ""search_internal_result_num"": 0}"
sl,gist1m,99p,spann,4,0.775,8.616478333333333,0,0.0,0.0,1.0,linear,"{""max_check"": 8192, ""overfetch_factor"": 12.0, ""search_internal_result_num"": 0}"
sl,gist1m,99p,spann,5,0.775,8.880928333333333,0,0.0,0.0,1.0,linear,"{""max_check"": 8192, ""overfetch_factor"": 20.0, ""search_internal_result_num"": 0}"
sl,gist1m,99p,spann,6,0.775,9.165480833333334,0,0.0,0.0,1.0,linear,"{""max_check"": 8192, ""overfetch_factor"": 15.0, ""search_internal_result_num"": 0}"
sl,gist1m,99p,spann,7,0.775,9.21557,0,0.0,0.0,1.0,linear,"{""max_check"": 8192, ""overfetch_factor"": 30.0, ""search_internal_result_num"": 0}"
sl,gist1m,99p,spann,8,0.775,9.301625,0,0.0,0.0,1.0,linear,"{""max_check"": 8192, ""overfetch_factor"": 40.0, ""search_internal_result_num"": 0}"
sl,gist1m,99p,spann,9,0.775,9.319360833333334,0,0.0,0.0,1.0,linear,"{""max_check"": 8192, ""overfetch_factor"": 25.0, ""search_internal_result_num"": 0}"
sl,gist1m,99p,spann,10,0.775,9.327753333333332,0,0.0,0.0,1.0,linear,"{""max_check"": 8192, ""overfetch_factor"": 50.0, ""search_internal_result_num"": 0}"
sl,gist1m,99p,spann,11,0.775,10.467488333333334,0,0.0,0.0,1.0,linear,"{""max_check"": 8192, ""overfetch_factor"": 75.0, ""search_internal_result_num"": 0}"
sl,gist1m,99p,spann,12,0.775,12.683325000000002,0,0.0,0.0,1.0,linear,"{""max_check"": 16384, ""overfetch_factor"": 100.0, ""search_internal_result_num"": 0}"
sl,gist1m,99p,spann,13,0.775,25.60356666666667,1,0.0,0.0,1.0,linear,"{""max_check"": 8192, ""overfetch_factor"": 150.0, ""search_internal_result_num"": 0}"
sl,gist1m,99p,spann,16,0.783333333,25.60356666666667,1,0.0,0.0,1.0,linear,"{""max_check"": 8192, ""overfetch_factor"": 500.0, ""search_internal_result_num"": 0}"
sl,gist1m,99p,spann,14,0.7833333333333333,15.741950000000001,0,0.0,0.0,1.0,linear,"{""max_check"": 16384, ""overfetch_factor"": 200.0, ""search_internal_result_num"": 0}"
sl,gist1m,99p,spann,15,0.7833333333333333,19.050983333333335,0,0.0,0.0,1.0,linear,"{""max_check"": 8192, ""overfetch_factor"": 300.0, ""search_internal_result_num"": 0}"
sl,gist1m,99p,spann,17,0.7833333333333333,29.582650000000008,0,0.0,0.0,1.0,linear,"{""max_check"": 32768, ""overfetch_factor"": 500.0, ""search_internal_result_num"": 0}"
sl,gist1m,99p,spann,18,0.7833333333333333,51.94164166666666,0,0.0,0.0,1.0,linear,"{""max_check"": 32768, ""overfetch_factor"": 1000.0, ""search_internal_result_num"": 0}"
sl,gist1m,99p,spann,19,0.833333333,27.459025,1,0.0,0.0,1.0,linear,"{""max_check"": 8192, ""overfetch_factor"": 500.0, ""search_internal_result_num"": 100}"
sl,gist1m,99p,spann,20,0.958333333,34.91531666666667,1,-0.05,0.0,1.0,linear,"{""max_check"": 16384, ""overfetch_factor"": 500.0, ""search_internal_result_num"": 200}"
sl,gist1m,99p,spann,21,0.966666667,67.92074166666667,1,0.0,0.0,1.0,linear,"{""max_check"": 32768, ""overfetch_factor"": 1000.0, ""search_internal_result_num"": 500}"
sl,gist1m,99p,spann,22,0.983333333,81.66112499999998,0,0.0,0.0,1.0,linear,"{""max_check"": 32768, ""overfetch_factor"": 1000.0, ""search_internal_result_num"": 700}"
sl,gist1m,99p,spann,23,0.9833333333333334,82.06146666666667,0,0.0,0.0,1.0,linear,"{""max_check"": 32768, ""overfetch_factor"": 1000.0, ""search_internal_result_num"": 600}"
sl,gist1m,99p,spann,24,0.9833333333333334,94.63621666666667,0,0.0,0.0,1.0,linear,"{""max_check"": 32768, ""overfetch_factor"": 1200.0, ""search_internal_result_num"": 800}"
sl,gist1m,99p,spann,25,0.9833333333333334,108.4129,1,0.0,0.0,1.0,linear,"{""max_check"": 32768, ""overfetch_factor"": 1000.0, ""search_internal_result_num"": 800}"
sl,gist1m,99p,spann,26,0.9833333333333334,116.76618333333333,0,0.0,0.0,1.0,linear,"{""max_check"": 32768, ""overfetch_factor"": 1500.0, ""search_internal_result_num"": 900}"
sl,gist1m,99p,spann,27,0.9833333333333334,124.66077500000002,0,0.0,0.0,1.0,linear,"{""max_check"": 32768, ""overfetch_factor"": 2000.0, ""search_internal_result_num"": 1000}"
sl,gist1m,99p,spann,28,0.9833333333333334,130.01555,0,0.0,0.0,1.0,linear,"{""max_check"": 32768, ""overfetch_factor"": 2000.0, ""search_internal_result_num"": 900}"
sl,gist1m,99p,spann,29,0.9833333333333334,161.9635,0,0.0,0.0,1.0,linear,"{""max_check"": 32768, ""overfetch_factor"": 3000.0, ""search_internal_result_num"": 1000}"
sl,gist1m,99p,spann,30,0.9916666666666667,204.15281249999995,1,0.0,0.0,1.0,linear,"{""max_check"": 65536, ""overfetch_factor"": 5000.0, ""search_internal_result_num"": 2000}"
sl,sift1m,1p,curator,0,0.5500000000000002,0.045245049999999995,1,0.0,0.0,1.0,linear,"{""pq_M"": 32, ""search_ef"": 6}"
sl,sift1m,1p,curator,1,0.7016666666666665,0.10957779999999999,0,0.0,0.0,1.0,linear,"{""pq_M"": 32, ""search_ef"": 8}"
sl,sift1m,1p,curator,2,0.8133333333333331,0.06195093333333333,1,0.0,0.0,1.0,linear,"{""pq_M"": 32, ""search_ef"": 10}"
sl,sift1m,1p,curator,3,0.8783333333333332,0.061680833333333324,0,0.0,0.0,1.0,linear,"{""pq_M"": 32, ""search_ef"": 12}"
sl,sift1m,1p,curator,4,0.9216666666666666,0.08045900000000002,1,0.0,0.0,1.0,linear,"{""pq_M"": 32, ""search_ef"": 16}"
sl,sift1m,1p,curator,5,0.9383333333333334,0.076196322260953,0,0.0,0.0,1.0,linear,"{""pq_M"": 32, ""search_ef"": 20}"
sl,sift1m,1p,curator,6,0.9416666666666667,0.07773370000000002,0,0.0,0.0,1.0,linear,"{""pq_M"": 32, ""search_ef"": 24}"
sl,sift1m,1p,curator,7,0.9533333333333334,0.1216436833333333,1,0.0,0.0,1.0,linear,"{""pq_M"": 32, ""search_ef"": 32}"
sl,sift1m,1p,curator,8,0.9816666666666667,0.11022116666666668,0,0.0,0.0,1.0,linear,"{""pq_M"": 32, ""search_ef"": 48}"
sl,sift1m,1p,curator,9,0.99,0.1560109335349289,0,0.0,0.0,1.0,linear,"{""pq_M"": 32, ""search_ef"": 64}"
sl,sift1m,1p,curator,10,0.9916666666666667,0.17086020000000002,0,0.0,0.0,1.0,linear,"{""pq_M"": 32, ""search_ef"": 96}"
sl,sift1m,1p,curator,11,0.9983333333333333,0.18832366666666667,0,0.0,0.0,1.0,linear,"{""pq_M"": 32, ""search_ef"": 128}"
sl,sift1m,1p,curator,12,1.0,0.15652800000000003,0,0.0,0.0,1.0,linear,"{""pq_M"": 32, ""search_ef"": 192}"
sl,sift1m,1p,curator,13,1.0,0.1800394833333333,1,0.0,0.0,1.0,linear,"{""pq_M"": 32, ""search_ef"": 256}"
sl,sift1m,1p,curator,14,1.0,0.25047311666666666,1,0.0,0.0,1.0,linear,"{""pq_M"": 32, ""search_ef"": 2500}"
sl,sift1m,1p,curator,15,1.0,0.25801460000000004,0,0.0,0.0,1.0,linear,"{""pq_M"": 32, ""search_ef"": 1280}"
sl,sift1m,1p,curator,16,1.0,0.29451931666666664,0,0.0,0.0,1.0,linear,"{""pq_M"": 32, ""search_ef"": 1024}"
sl,sift1m,1p,curator,17,1.0,0.3020306166666667,0,0.0,0.0,1.0,linear,"{""pq_M"": 32, ""search_ef"": 384}"
sl,sift1m,1p,curator,18,1.0,0.3169150333333333,0,0.0,0.0,1.0,linear,"{""pq_M"": 32, ""search_ef"": 1536}"
sl,sift1m,1p,curator,19,1.0,0.32694124999999996,0,0.0,0.0,1.0,linear,"{""pq_M"": 32, ""search_ef"": 512}"
sl,sift1m,1p,curator,20,1.0,0.33068630000000004,0,0.0,0.0,1.0,linear,"{""pq_M"": 32, ""search_ef"": 3000}"
sl,sift1m,1p,curator,21,1.0,0.34726433333333334,0,0.0,0.0,1.0,linear,"{""pq_M"": 32, ""search_ef"": 2048}"
sl,sift1m,1p,curator,22,1.0,0.3545673333333333,0,0.0,0.0,1.0,linear,"{""pq_M"": 32, ""search_ef"": 8192}"
sl,sift1m,1p,curator,23,1.0,0.3711865333333333,0,0.0,0.0,1.0,linear,"{""pq_M"": 32, ""search_ef"": 768}"
sl,sift1m,1p,curator,24,1.0,0.39020550000000004,0,0.0,0.0,1.0,linear,"{""pq_M"": 32, ""search_ef"": 4096}"
sl,sift1m,1p,diskivf,0,0.5283333333333333,11.4925515,1,0.0,0.0,1.0,linear,"{""nlist"": 1000, ""nprobe"": 24}"
sl,sift1m,1p,diskivf,1,0.613333333,14.490456833333333,1,0.0,0.0,1.0,linear,"{""nlist"": 1000, ""nprobe"": 32}"
sl,sift1m,1p,diskivf,2,0.72,22.798214999999995,1,0.0,0.0,1.0,linear,"{""nlist"": 1000, ""nprobe"": 48}"
sl,sift1m,1p,diskivf,3,0.791666667,28.697236666666672,1,0.0,0.0,1.0,linear,"{""nlist"": 1000, ""nprobe"": 64}"
sl,sift1m,1p,diskivf,4,0.855,34.79614333333334,1,0.0,0.0,1.0,linear,"{""nlist"": 1000, ""nprobe"": 80}"
sl,sift1m,1p,diskivf,5,0.903333333,43.94355166666667,1,0.0,0.0,1.0,linear,"{""nlist"": 1000, ""nprobe"": 96}"
sl,sift1m,1p,diskivf,6,0.955,63.556725,1,0.0,0.0,1.0,linear,"{""nlist"": 1000, ""nprobe"": 128}"
sl,sift1m,1p,prefilter,0,1.0,0.05855945,1,0.0,0.0,1.0,linear,{}
sl,sift1m,1p,spann,0,0.5016666666666667,29.807220000000008,1,0.0,0.0,1.0,linear,"{""max_check"": 8192, ""overfetch_factor"": 1000.0, ""search_internal_result_num"": 750}"
sl,sift1m,1p,spann,1,0.66,32.920604999999995,1,0.0,0.0,1.0,linear,"{""max_check"": 32768, ""overfetch_factor"": 1500.0, ""search_internal_result_num"": 750}"
sl,sift1m,1p,spann,2,0.6783333335,38.89005004819214,1,0.0,-3.9,1.0,linear,"{""max_check"": 32768, ""overfetch_factor"": 1500.0, ""search_internal_result_num"": 1000}"
sl,sift1m,1p,spann,3,0.6816666666666665,39.69417333333334,0,0.0,0.0,1.0,linear,"{""max_check"": 32768, ""overfetch_factor"": 2000.0, ""search_internal_result_num"": 750}"
sl,sift1m,1p,spann,4,0.721666667,40.29077333333333,1,0.0,-2.0,1.0,linear,"{""max_check"": 32768, ""overfetch_factor"": 2000.0, ""search_internal_result_num"": 1000}"
sl,sift1m,1p,spann,5,0.7333333333333332,53.04856500000002,0,0.0,0.0,1.0,linear,"{""max_check"": 32768, ""overfetch_factor"": 3000.0, ""search_internal_result_num"": 1000}"
sl,sift1m,1p,spann,6,0.833333333,48.095165000000016,1,0.0,0.0,1.0,linear,"{""max_check"": 32768, ""overfetch_factor"": 2000.0, ""search_internal_result_num"": 1500}"
sl,sift1m,1p,spann,7,0.866666667,57.259675000000016,1,0.0,0.0,1.0,linear,"{""max_check"": 32768, ""overfetch_factor"": 2000.0, ""search_internal_result_num"": 2000}"
sl,sift1m,1p,spann,8,0.8816666666666666,108.34110999999999,0,0.0,0.0,1.0,linear,"{""max_check"": 32768, ""overfetch_factor"": 2000.0, ""search_internal_result_num"": 5000}"
sl,sift1m,1p,spann,9,0.9099999999999999,109.57297833333334,1,0.0,0.0,1.0,linear,"{""max_check"": 32768, ""overfetch_factor"": 5000.0, ""search_internal_result_num"": 2000}"
sl,sift1m,25p,curator,0,0.5445544554455446,0.1042426600660066,1,0.0,0.0,1.0,linear,"{""pq_M"": 32, ""search_ef"": 6}"
sl,sift1m,25p,curator,1,0.6801980198019801,0.1964114851485149,0,0.0,0.0,1.0,linear,"{""pq_M"": 32, ""search_ef"": 8}"
sl,sift1m,25p,curator,2,0.774587459,0.11702636303630362,1,0.0,0.0,1.0,linear,"{""pq_M"": 32, ""search_ef"": 10}"
sl,sift1m,25p,curator,3,0.834323432,0.12568930693069308,1,0.0,0.0,1.0,linear,"{""pq_M"": 32, ""search_ef"": 12}"
sl,sift1m,25p,curator,4,0.8930693069306932,0.15934909240924092,0,0.0,0.0,1.0,linear,"{""pq_M"": 32, ""search_ef"": 16}"
sl,sift1m,25p,curator,5,0.920132013,0.15063205610561056,1,0.0,0.0,1.0,linear,"{""pq_M"": 32, ""search_ef"": 20}"
sl,sift1m,25p,curator,6,0.937623762,0.17047126072607263,1,0.0,0.0,1.0,linear,"{""pq_M"": 32, ""search_ef"": 24}"
sl,sift1m,25p,curator,7,0.95709571,0.2062337689768977,1,0.0,0.0,1.0,linear,"{""pq_M"": 32, ""search_ef"": 32}"
sl,sift1m,25p,curator,8,0.972607261,0.21583148844884487,1,0.0,0.0,1.0,linear,"{""pq_M"": 32, ""search_ef"": 48}"
sl,sift1m,25p,curator,9,0.9801980198019802,0.2862622673267327,0,0.0,0.0,1.0,linear,"{""pq_M"": 32, ""search_ef"": 64}"
sl,sift1m,25p,curator,10,0.9937293729372936,0.29418034983498353,0,0.0,0.0,1.0,linear,"{""pq_M"": 32, ""search_ef"": 96}"
sl,sift1m,25p,curator,11,0.9966996699669967,0.39565377557755776,0,0.0,0.0,1.0,linear,"{""pq_M"": 32, ""search_ef"": 128}"
sl,sift1m,25p,curator,12,0.9983498349834984,0.3359358679867987,0,0.0,0.0,1.0,linear,"{""pq_M"": 32, ""search_ef"": 192}"
sl,sift1m,25p,curator,13,0.9986798679867988,0.3532483828382838,0,0.0,0.0,1.0,linear,"{""pq_M"": 32, ""search_ef"": 256}"
sl,sift1m,25p,curator,14,0.9996699669966996,0.4613262739273927,0,0.0,0.0,1.0,linear,"{""pq_M"": 32, ""search_ef"": 384}"
sl,sift1m,25p,curator,15,0.9996699669966996,0.5987856336633663,0,0.0,0.0,1.0,linear,"{""pq_M"": 32, ""search_ef"": 512}"
sl,sift1m,25p,curator,16,0.9996699669966996,0.6000511617161716,0,0.0,0.0,1.0,linear,"{""pq_M"": 32, ""search_ef"": 1024}"
sl,sift1m,25p,curator,17,0.9996699669966996,0.6127647524752475,0,0.0,0.0,1.0,linear,"{""pq_M"": 32, ""search_ef"": 1280}"
sl,sift1m,25p,curator,18,0.9996699669966996,0.6994206864686469,0,0.0,0.0,1.0,linear,"{""pq_M"": 32, ""search_ef"": 768}"
sl,sift1m,25p,curator,19,0.9996699669966996,0.750208191419142,1,0.0,0.0,1.0,linear,"{""pq_M"": 32, ""search_ef"": 1536}"
sl,sift1m,25p,curator,20,0.9996699669966996,1.052601313531353,0,0.0,0.0,1.0,linear,"{""pq_M"": 32, ""search_ef"": 2500}"
sl,sift1m,25p,curator,21,0.9996699669966996,1.1365786237623763,0,0.0,0.0,1.0,linear,"{""pq_M"": 32, ""search_ef"": 2048}"
sl,sift1m,25p,curator,22,0.9996699669966996,1.2963913729372936,0,0.0,0.0,1.0,linear,"{""pq_M"": 32, ""search_ef"": 8192}"
sl,sift1m,25p,curator,23,0.9996699669966996,1.3162654587458746,0,0.0,0.0,1.0,linear,"{""pq_M"": 32, ""search_ef"": 3000}"
sl,sift1m,25p,curator,24,0.9996699669966996,1.5873269405940593,0,0.0,0.0,1.0,linear,"{""pq_M"": 32, ""search_ef"": 4096}"
sl,sift1m,25p,diskivf,0,0.5518151815181518,4.659839042904291,1,0.0,0.0,1.0,linear,"{""nlist"": 1000, ""nprobe"": 8}"
sl,sift1m,25p,diskivf,1,0.66039604,7.409146765676568,1,0.0,0.0,1.0,linear,"{""nlist"": 1000, ""nprobe"": 12}"
sl,sift1m,25p,diskivf,2,0.726732673,8.229281419141914,1,0.0,0.0,1.0,linear,"{""nlist"": 1000, ""nprobe"": 16}"
sl,sift1m,25p,diskivf,3,0.774587459,9.729544818481846,1,0.0,0.0,1.0,linear,"{""nlist"": 1000, ""nprobe"": 20}"
sl,sift1m,25p,diskivf,4,0.816831683,11.102878712871288,1,0.0,0.0,1.0,linear,"{""nlist"": 1000, ""nprobe"": 24}"
sl,sift1m,25p,diskivf,5,0.870627063,14.962938844884487,1,0.0,0.0,1.0,linear,"{""nlist"": 1000, ""nprobe"": 32}"
sl,sift1m,25p,diskivf,6,0.920792079,22.471114323432342,1,0.0,0.0,1.0,linear,"{""nlist"": 1000, ""nprobe"": 48}"
sl,sift1m,25p,diskivf,7,0.9528052805280529,30.57929603960396,0,0.0,0.0,1.0,linear,"{""nlist"": 1000, ""nprobe"": 64}"
sl,sift1m,25p,diskivf,8,0.9706270627062707,36.74246633663366,1,0.0,0.0,1.0,linear,"{""nlist"": 1000, ""nprobe"": 80}"
sl,sift1m,25p,diskivf,9,0.9828382838283829,45.0731904290429,0,0.0,0.0,1.0,linear,"{""nlist"": 1000, ""nprobe"": 96}"
sl,sift1m,25p,diskivf,10,0.993069306930693,63.81423168316831,1,0.0,0.0,1.0,linear,"{""nlist"": 1000, ""nprobe"": 128}"
sl,sift1m,25p,prefilter,0,1.0,0.4290107821782178,1,0.0,0.0,1.0,linear,{}
sl,sift1m,25p,spann,0,0.5102310231023102,13.52117920792079,1,0.0,0.0,1.0,linear,"{""max_check"": 8192, ""overfetch_factor"": 1000.0, ""search_internal_result_num"": 50}"
sl,sift1m,25p,spann,1,0.5125412541254125,4.020705280528053,0,0.0,0.0,1.0,linear,"{""max_check"": 8192, ""overfetch_factor"": 150.0, ""search_internal_result_num"": 0}"
sl,sift1m,25p,spann,2,0.5277227722772277,3.9553830033003305,0,0.0,0.0,1.0,linear,"{""max_check"": 8192, ""overfetch_factor"": 160.0, ""search_internal_result_num"": 0}"
sl,sift1m,25p,spann,3,0.5511551155115512,13.52117920792079,1,0.0,0.0,1.0,linear,"{""max_check"": 8192, ""overfetch_factor"": 250.0, ""search_internal_result_num"": 0}"
sl,sift1m,25p,spann,4,0.6438943894389438,14.341878217821783,1,0.0,0.0,1.0,linear,"{""max_check"": 8192, ""overfetch_factor"": 1000.0, ""search_internal_result_num"": 100}"
sl,sift1m,25p,spann,5,0.7957095709570958,25.38839273927393,1,0.0,-5.0,1.0,linear,"{""max_check"": 8192, ""overfetch_factor"": 1000.0, ""search_internal_result_num"": 200}"
sl,sift1m,25p,spann,6,0.8976897689768977,18.02262673267327,0,0.0,0.0,1.0,linear,"{""max_check"": 8192, ""overfetch_factor"": 1000.0, ""search_internal_result_num"": 350}"
sl,sift1m,25p,spann,7,0.9168316831683169,13.605685478547853,0,0.0,0.0,1.0,linear,"{""max_check"": 16384, ""overfetch_factor"": 500.0, ""search_internal_result_num"": 400}"
sl,sift1m,25p,spann,8,0.940924092409241,20.24743201320132,0,0.0,0.0,1.0,linear,"{""max_check"": 8192, ""overfetch_factor"": 1000.0, ""search_internal_result_num"": 500}"
sl,sift1m,25p,spann,9,0.940924092409241,27.613919801980195,1,0.0,0.0,1.0,linear,"{""max_check"": 32768, ""overfetch_factor"": 1000.0, ""search_internal_result_num"": 500}"
sl,sift1m,25p,spann,10,0.9564356435643565,18.798593729372936,0,0.0,0.0,1.0,linear,"{""max_check"": 16384, ""overfetch_factor"": 500.0, ""search_internal_result_num"": 600}"
sl,sift1m,25p,spann,11,0.9716171617161715,31.56582442244224,0,0.0,0.0,1.0,linear,"{""max_check"": 8192, ""overfetch_factor"": 1000.0, ""search_internal_result_num"": 750}"
sl,sift1m,25p,spann,12,0.9716171617161715,32.068567326732676,1,0.0,0.0,1.0,linear,"{""max_check"": 32768, ""overfetch_factor"": 1500.0, ""search_internal_result_num"": 750}"
sl,sift1m,25p,spann,13,0.9716171617161715,41.20320792079208,0,0.0,0.0,1.0,linear,"{""max_check"": 32768, ""overfetch_factor"": 2000.0, ""search_internal_result_num"": 750}"
sl,sift1m,25p,spann,14,0.983168316831683,38.075642904290426,0,0.0,0.0,1.0,linear,"{""max_check"": 32768, ""overfetch_factor"": 1500.0, ""search_internal_result_num"": 1000}"
sl,sift1m,25p,spann,15,0.983168316831683,40.39558316831683,1,0.0,0.0,1.0,linear,"{""max_check"": 32768, ""overfetch_factor"": 2000.0, ""search_internal_result_num"": 1000}"
sl,sift1m,25p,spann,16,0.983168316831683,52.29393960396039,0,0.0,0.0,1.0,linear,"{""max_check"": 32768, ""overfetch_factor"": 3000.0, ""search_internal_result_num"": 1000}"
sl,sift1m,25p,spann,17,0.994059405940594,49.96556897689769,0,0.0,0.0,1.0,linear,"{""max_check"": 32768, ""overfetch_factor"": 2000.0, ""search_internal_result_num"": 1500}"
sl,sift1m,25p,spann,18,0.9966996699669967,60.79523234323431,0,0.0,0.0,1.0,linear,"{""max_check"": 32768, ""overfetch_factor"": 2000.0, ""search_internal_result_num"": 2000}"
sl,sift1m,25p,spann,19,0.9966996699669967,103.28780330033003,0,0.0,0.0,1.0,linear,"{""max_check"": 32768, ""overfetch_factor"": 5000.0, ""search_internal_result_num"": 2000}"
sl,sift1m,25p,spann,20,1.0,100.98895792079207,1,0.0,0.0,1.0,linear,"{""max_check"": 32768, ""overfetch_factor"": 2000.0, ""search_internal_result_num"": 5000}"
sl,sift1m,50p,curator,0,0.5304635761589404,0.07511613907284768,1,0.0,0.0,1.0,linear,"{""pq_M"": 32, ""search_ef"": 12}"
sl,sift1m,50p,curator,1,0.566887417218543,0.09628551986754966,0,0.0,0.0,1.0,linear,"{""pq_M"": 32, ""search_ef"": 16}"
sl,sift1m,50p,curator,2,0.593046358,0.09241154635761589,1,0.0,0.0,1.0,linear,"{""pq_M"": 32, ""search_ef"": 20}"
sl,sift1m,50p,curator,3,0.6139072847682119,0.10092846026490068,0,0.0,0.0,1.0,linear,"{""pq_M"": 32, ""search_ef"": 24}"
sl,sift1m,50p,curator,4,0.65397351,0.13457878145695365,1,0.0,0.0,1.0,linear,"{""pq_M"": 32, ""search_ef"": 32}"
sl,sift1m,50p,curator,5,0.7082781456953643,0.1350977913907285,0,0.0,0.0,1.0,linear,"{""pq_M"": 32, ""search_ef"": 48}"
sl,sift1m,50p,curator,6,0.751324503,0.1741008145695364,1,0.0,0.0,1.0,linear,"{""pq_M"": 32, ""search_ef"": 64}"
sl,sift1m,50p,curator,7,0.795695364,0.19954796026490063,1,0.0,0.0,1.0,linear,"{""pq_M"": 32, ""search_ef"": 96}"
sl,sift1m,50p,curator,8,0.8377483443708609,0.23588887086092714,0,0.0,0.0,1.0,linear,"{""pq_M"": 32, ""search_ef"": 128}"
sl,sift1m,50p,curator,9,0.879139073,0.24080532781456954,1,0.0,0.0,1.0,linear,"{""pq_M"": 32, ""search_ef"": 192}"
sl,sift1m,50p,curator,10,0.9079470198675498,0.27199811920529804,0,0.0,0.0,1.0,linear,"{""pq_M"": 32, ""search_ef"": 256}"
sl,sift1m,50p,curator,11,0.940728477,0.3916153079470198,1,0.0,0.0,1.0,linear,"{""pq_M"": 32, ""search_ef"": 384}"
sl,sift1m,50p,curator,12,0.9582781456953642,0.5458382582781456,0,0.0,0.0,1.0,linear,"{""pq_M"": 32, ""search_ef"": 512}"
sl,sift1m,50p,curator,13,0.9814569536423842,0.9002521854304637,1,0.0,0.0,1.0,linear,"{""pq_M"": 32, ""search_ef"": 768}"
sl,sift1m,50p,curator,14,0.9917218543046358,0.8258225198675496,0,0.0,0.0,1.0,linear,"{""pq_M"": 32, ""search_ef"": 1024}"
sl,sift1m,50p,curator,15,0.9940397350993379,0.9312572052980134,0,0.0,0.0,1.0,linear,"{""pq_M"": 32, ""search_ef"": 1280}"
sl,sift1m,50p,curator,16,0.9943708609271523,1.2417643079470198,0,0.0,0.0,1.0,linear,"{""pq_M"": 32, ""search_ef"": 1536}"
sl,sift1m,50p,curator,17,0.9963576158940397,1.9209500000000002,0,0.0,0.0,1.0,linear,"{""pq_M"": 32, ""search_ef"": 2048}"
sl,sift1m,50p,curator,18,0.997019867549669,1.7988336754966883,0,0.0,0.0,1.0,linear,"{""pq_M"": 32, ""search_ef"": 2500}"
sl,sift1m,50p,curator,19,0.9973509933774836,2.8038325496688743,0,0.0,0.0,1.0,linear,"{""pq_M"": 32, ""search_ef"": 3000}"
sl,sift1m,50p,curator,20,0.997682119205298,2.2506304635761594,1,0.0,0.0,1.0,linear,"{""pq_M"": 32, ""search_ef"": 4096}"
sl,sift1m,50p,curator,21,0.997682119205298,9.203280695364239,0,0.0,0.0,1.0,linear,"{""pq_M"": 32, ""search_ef"": 8192}"
sl,sift1m,50p,diskivf,0,0.5903973509933774,3.2909975165562915,1,0.0,0.0,1.0,linear,"{""nlist"": 1000, ""nprobe"": 6}"
sl,sift1m,50p,diskivf,1,0.652980132,4.3325223509933775,1,0.0,0.0,1.0,linear,"{""nlist"": 1000, ""nprobe"": 8}"
sl,sift1m,50p,diskivf,2,0.744039735,7.102837947019868,1,0.0,-1.0,1.0,linear,"{""nlist"": 1000, ""nprobe"": 12}"
sl,sift1m,50p,diskivf,3,0.800662252,7.242721059602649,1,0.0,0.0,1.0,linear,"{""nlist"": 1000, ""nprobe"": 16}"
sl,sift1m,50p,diskivf,4,0.842384106,9.179509271523179,1,0.0,0.0,1.0,linear,"{""nlist"": 1000, ""nprobe"": 20}"
sl,sift1m,50p,diskivf,5,0.87781457,10.410219867549669,1,0.0,0.0,1.0,linear,"{""nlist"": 1000, ""nprobe"": 24}"
sl,sift1m,50p,diskivf,6,0.9149006622516559,14.169092582781458,0,0.0,0.0,1.0,linear,"{""nlist"": 1000, ""nprobe"": 32}"
sl,sift1m,50p,diskivf,7,0.95397351,21.552731258278143,1,0.0,0.0,1.0,linear,"{""nlist"": 1000, ""nprobe"": 48}"
sl,sift1m,50p,diskivf,8,0.9778145695364239,31.278079801324505,0,0.0,0.0,1.0,linear,"{""nlist"": 1000, ""nprobe"": 64}"
sl,sift1m,50p,diskivf,9,0.9880794701986754,35.69227814569536,1,0.0,0.0,1.0,linear,"{""nlist"": 1000, ""nprobe"": 80}"
sl,sift1m,50p,diskivf,10,0.9940397350993377,43.260207947019865,0,0.0,0.0,1.0,linear,"{""nlist"": 1000, ""nprobe"": 96}"
sl,sift1m,50p,diskivf,11,0.9976821192052978,61.39529105960265,1,0.0,0.0,1.0,linear,"{""nlist"": 1000, ""nprobe"": 128}"
sl,sift1m,50p,prefilter,0,1.0,1.3464938013245031,1,0.0,0.0,1.0,linear,{}
sl,sift1m,50p,spann,0,0.5711920529801324,2.9334455298013244,1,0.0,0.0,1.0,linear,"{""max_check"": 8192, ""overfetch_factor"": 40.0, ""search_internal_result_num"": 0}"
sl,sift1m,50p,spann,1,0.6632450331125829,2.8400698344370863,0,0.0,0.0,1.0,linear,"{""max_check"": 8192, ""overfetch_factor"": 50.5, ""search_internal_result_num"": 0}"
sl,sift1m,50p,spann,2,0.7016556291390729,13.61328509933775,0,0.0,0.0,1.0,linear,"{""max_check"": 8192, ""overfetch_factor"": 1000.0, ""search_internal_result_num"": 50}"
sl,sift1m,50p,spann,3,0.747019867549669,3.292371688741722,0,0.0,0.0,1.0,linear,"{""max_check"": 8192, ""overfetch_factor"": 75.0, ""search_internal_result_num"": 0}"
sl,sift1m,50p,spann,6,0.7491721854304636,4.08197481121294,1,0.0,0.0,1.0,linear,"{""max_check"": 8192, ""overfetch_factor"": 150.0, ""search_internal_result_num"": 0}"
sl,sift1m,50p,spann,4,0.7513245033112583,3.2088011258278146,0,0.0,0.0,1.0,linear,"{""max_check"": 8192, ""overfetch_factor"": 100.0, ""search_internal_result_num"": 0}"
sl,sift1m,50p,spann,5,0.7513245033112583,3.953807880794702,0,0.0,0.0,1.0,linear,"{""max_check"": 8192, ""overfetch_factor"": 160.0, ""search_internal_result_num"": 0}"
sl,sift1m,50p,spann,7,0.7513245033112583,4.156061920529802,0,0.0,0.0,1.0,linear,"{""max_check"": 16384, ""overfetch_factor"": 100.0, ""search_internal_result_num"": 0}"
sl,sift1m,50p,spann,8,0.7513245033112583,5.060946920529801,0,0.0,0.0,1.0,linear,"{""max_check"": 8192, ""overfetch_factor"": 250.0, ""search_internal_result_num"": 0}"
sl,sift1m,50p,spann,9,0.8327814569536424,10.20493702803235,1,0.0,-1.0,1.0,linear,"{""max_check"": 8192, ""overfetch_factor"": 1000.0, ""search_internal_result_num"": 100}"
sl,sift1m,50p,spann,10,0.9294701986754969,25.110224503311258,1,0.0,0.0,1.0,linear,"{""max_check"": 8192, ""overfetch_factor"": 1000.0, ""search_internal_result_num"": 200}"
sl,sift1m,50p,spann,11,0.9701986754966887,20.931102980132447,0,0.0,0.0,1.0,linear,"{""max_check"": 8192, ""overfetch_factor"": 1000.0, ""search_internal_result_num"": 350}"
sl,sift1m,50p,spann,12,0.9778145695364241,13.923522516556291,0,0.0,0.0,1.0,linear,"{""max_check"": 16384, ""overfetch_factor"": 500.0, ""search_internal_result_num"": 400}"
sl,sift1m,50p,spann,13,0.9880794701986756,20.471491390728477,0,0.0,0.0,1.0,linear,"{""max_check"": 8192, ""overfetch_factor"": 1000.0, ""search_internal_result_num"": 500}"
sl,sift1m,50p,spann,14,0.9880794701986756,27.10515496688742,0,0.0,0.0,1.0,linear,"{""max_check"": 32768, ""overfetch_factor"": 1000.0, ""search_internal_result_num"": 500}"
sl,sift1m,50p,spann,15,0.9913907284768212,32.45995836513354,1,0.0,38.0,1.0,linear,"{""max_check"": 16384, ""overfetch_factor"": 500.0, ""search_internal_result_num"": 600}"
sl,sift1m,50p,spann,16,0.9947019867549668,30.388138079470203,0,0.0,0.0,1.0,linear,"{""max_check"": 8192, ""overfetch_factor"": 1000.0, ""search_internal_result_num"": 750}"
sl,sift1m,50p,spann,17,0.9947019867549668,32.123411920529804,0,0.0,0.0,1.0,linear,"{""max_check"": 32768, ""overfetch_factor"": 1500.0, ""search_internal_result_num"": 750}"
sl,sift1m,50p,spann,18,0.9947019867549668,38.87263874172186,0,0.0,0.0,1.0,linear,"{""max_check"": 32768, ""overfetch_factor"": 2000.0, ""search_internal_result_num"": 750}"
sl,sift1m,50p,spann,19,0.9973509933774835,39.42928311258279,0,0.0,0.0,1.0,linear,"{""max_check"": 32768, ""overfetch_factor"": 1500.0, ""search_internal_result_num"": 1000}"
sl,sift1m,50p,spann,20,0.9973509933774835,41.64525165562914,0,0.0,0.0,1.0,linear,"{""max_check"": 32768, ""overfetch_factor"": 2000.0, ""search_internal_result_num"": 1000}"
sl,sift1m,50p,spann,21,0.9973509933774835,54.44802185430463,0,0.0,0.0,1.0,linear,"{""max_check"": 32768, ""overfetch_factor"": 3000.0, ""search_internal_result_num"": 1000}"
sl,sift1m,50p,spann,22,0.999337748344371,53.24848145695364,0,0.0,0.0,1.0,linear,"{""max_check"": 32768, ""overfetch_factor"": 2000.0, ""search_internal_result_num"": 1500}"
sl,sift1m,50p,spann,23,0.999337748344371,62.42011059602649,0,0.0,0.0,1.0,linear,"{""max_check"": 32768, ""overfetch_factor"": 2000.0, ""search_internal_result_num"": 2000}"
sl,sift1m,50p,spann,24,0.999337748344371,99.58963907284767,0,0.0,0.0,1.0,linear,"{""max_check"": 32768, ""overfetch_factor"": 5000.0, ""search_internal_result_num"": 2000}"
sl,sift1m,50p,spann,25,1.0,81.14989591283384,1,0.0,0.0,1.0,linear,"{""max_check"": 32768, ""overfetch_factor"": 2000.0, ""search_internal_result_num"": 5000}"
sl,sift1m,75p,curator,0,0.5024221453287196,0.1357279688581315,1,0.0,0.0,1.0,linear,"{""pq_M"": 32, ""search_ef"": 8}"
sl,sift1m,75p,curator,1,0.5453287197231834,0.08923435640138408,0,0.0,0.0,1.0,linear,"{""pq_M"": 32, ""search_ef"": 10}"
sl,sift1m,75p,curator,2,0.575086505,0.1357279688581315,1,0.0,0.0,1.0,linear,"{""pq_M"": 32, ""search_ef"": 12}"
sl,sift1m,75p,curator,3,0.6283737024221453,0.12733726297577858,0,0.0,0.0,1.0,linear,"{""pq_M"": 32, ""search_ef"": 16}"
sl,sift1m,75p,curator,4,0.6546712802768165,0.11729113148788928,0,0.0,0.0,1.0,linear,"{""pq_M"": 32, ""search_ef"": 20}"
sl,sift1m,75p,curator,5,0.681314879,0.1357279688581315,1,0.0,0.0,1.0,linear,"{""pq_M"": 32, ""search_ef"": 24}"
sl,sift1m,75p,curator,6,0.7121107266435986,0.16861742560553633,0,0.0,0.0,1.0,linear,"{""pq_M"": 32, ""search_ef"": 32}"
sl,sift1m,75p,curator,7,0.749134948,0.16833915570934257,1,0.0,0.0,1.0,linear,"{""pq_M"": 32, ""search_ef"": 48}"
sl,sift1m,75p,curator,8,0.7788927335640138,0.21482753979238753,0,0.0,0.0,1.0,linear,"{""pq_M"": 32, ""search_ef"": 64}"
sl,sift1m,75p,curator,9,0.814186851,0.25201235294117647,1,0.0,0.0,1.0,linear,"{""pq_M"": 32, ""search_ef"": 96}"
sl,sift1m,75p,curator,10,0.8439446366782006,0.3286423148788928,0,0.0,0.0,1.0,linear,"{""pq_M"": 32, ""search_ef"": 128}"
sl,sift1m,75p,curator,11,0.873356401,0.30952459861591697,1,0.0,0.0,1.0,linear,"{""pq_M"": 32, ""search_ef"": 192}"
sl,sift1m,75p,curator,12,0.8916955017301038,0.35004057093425606,0,0.0,0.0,1.0,linear,"{""pq_M"": 32, ""search_ef"": 256}"
sl,sift1m,75p,curator,13,0.9173010380622838,0.49561578200692036,0,0.0,0.0,1.0,linear,"{""pq_M"": 32, ""search_ef"": 384}"
sl,sift1m,75p,curator,14,0.94083045,0.6747408546712803,1,0.0,0.0,1.0,linear,"{""pq_M"": 32, ""search_ef"": 512}"
sl,sift1m,75p,curator,15,0.9591695501730105,1.025249553633218,0,0.0,0.0,1.0,linear,"{""pq_M"": 32, ""search_ef"": 768}"
sl,sift1m,75p,curator,16,0.969204152249135,0.9799926816608997,0,0.0,0.0,1.0,linear,"{""pq_M"": 32, ""search_ef"": 1024}"
sl,sift1m,75p,curator,17,0.9775086505190311,1.1017181107266436,0,0.0,0.0,1.0,linear,"{""pq_M"": 32, ""search_ef"": 1280}"
sl,sift1m,75p,curator,18,0.985121107266436,1.3869770692041523,1,0.0,0.0,1.0,linear,"{""pq_M"": 32, ""search_ef"": 1536}"
sl,sift1m,75p,curator,19,0.9923875432525954,1.9786502595155708,0,0.0,0.0,1.0,linear,"{""pq_M"": 32, ""search_ef"": 2048}"
sl,sift1m,75p,curator,20,0.9941176470588233,1.7853026020761245,0,0.0,0.0,1.0,linear,"{""pq_M"": 32, ""search_ef"": 2500}"
sl,sift1m,75p,curator,21,0.9951557093425606,2.7465439792387545,0,0.0,0.0,1.0,linear,"{""pq_M"": 32, ""search_ef"": 3000}"
sl,sift1m,75p,curator,22,0.996885813148789,4.147849515570934,0,0.0,0.0,1.0,linear,"{""pq_M"": 32, ""search_ef"": 4096}"
sl,sift1m,75p,curator,23,0.9972318339100346,3.467442673010381,1,0.0,0.0,1.0,linear,"{""pq_M"": 32, ""search_ef"": 8192}"
sl,sift1m,75p,diskivf,0,0.5557093425605536,1.5893155224913496,1,0.0,0.0,1.0,linear,"{""nlist"": 1000, ""nprobe"": 3}"
sl,sift1m,75p,diskivf,1,0.628719723,2.1142996539792387,1,0.0,0.0,1.0,linear,"{""nlist"": 1000, ""nprobe"": 4}"
sl,sift1m,75p,diskivf,2,0.709688581,3.24173553633218,1,0.0,0.0,1.0,linear,"{""nlist"": 1000, ""nprobe"": 6}"
sl,sift1m,75p,diskivf,3,0.76816609,4.634694671280278,1,0.0,0.0,1.0,linear,"{""nlist"": 1000, ""nprobe"": 8}"
sl,sift1m,75p,diskivf,4,0.843252595,7.026888823529411,1,0.0,0.0,1.0,linear,"{""nlist"": 1000, ""nprobe"": 12}"
sl,sift1m,75p,diskivf,5,0.884775087,7.713242283737023,1,0.0,0.0,1.0,linear,"{""nlist"": 1000, ""nprobe"": 16}"
sl,sift1m,75p,diskivf,6,0.9117647058823529,9.926657750865052,0,0.0,0.0,1.0,linear,"{""nlist"": 1000, ""nprobe"": 20}"
sl,sift1m,75p,diskivf,7,0.931141869,11.227802283737024,1,0.0,0.0,1.0,linear,"{""nlist"": 1000, ""nprobe"": 24}"
sl,sift1m,75p,diskivf,8,0.9532871972318339,15.053373391003461,0,0.0,0.0,1.0,linear,"{""nlist"": 1000, ""nprobe"": 32}"
sl,sift1m,75p,diskivf,9,0.9809688581314879,23.846460242214533,1,0.0,0.0,1.0,linear,"{""nlist"": 1000, ""nprobe"": 48}"
sl,sift1m,75p,diskivf,10,0.9916955017301039,33.66970138408305,0,0.0,0.0,1.0,linear,"{""nlist"": 1000, ""nprobe"": 64}"
sl,sift1m,75p,diskivf,11,0.9965397923875432,40.550840138408304,0,0.0,0.0,1.0,linear,"{""nlist"": 1000, ""nprobe"": 80}"
sl,sift1m,75p,diskivf,12,0.9982698961937716,49.13323044982699,0,0.0,0.0,1.0,linear,"{""nlist"": 1000, ""nprobe"": 96}"
sl,sift1m,75p,diskivf,13,1.0,59.61615060553633,1,0.0,0.0,1.0,linear,"{""nlist"": 1000, ""nprobe"": 128}"
sl,sift1m,75p,prefilter,0,1.0,4.963332629757785,1,0.0,0.0,1.0,linear,{}
sl,sift1m,75p,spann,0,0.6072664359861591,1.923321280276817,1,0.0,0.0,1.0,linear,"{""max_check"": 8192, ""overfetch_factor"": 12.0, ""search_internal_result_num"": 0}"
sl,sift1m,75p,spann,1,0.6889273356401384,1.9000369896193774,0,0.0,0.0,1.0,linear,"{""max_check"": 8192, ""overfetch_factor"": 15.0, ""search_internal_result_num"": 0}"
sl,sift1m,75p,spann,2,0.7982698961937715,2.202534359861592,1,0.0,0.0,1.0,linear,"{""max_check"": 8192, ""overfetch_factor"": 20.0, ""search_internal_result_num"": 0}"
sl,sift1m,75p,spann,3,0.8539792387543254,2.725422179930796,1,0.0,0.0,1.0,linear,"{""max_check"": 8192, ""overfetch_factor"": 25.0, ""search_internal_result_num"": 0}"
sl,sift1m,75p,spann,4,0.8550173010380624,1.6641099999999998,0,0.0,0.0,1.0,linear,"{""max_check"": 4096, ""overfetch_factor"": 25.0, ""search_internal_result_num"": 0}"
sl,sift1m,75p,spann,5,0.8588235294117648,13.853775432525952,0,0.0,0.0,1.0,linear,"{""max_check"": 8192, ""overfetch_factor"": 1000.0, ""search_internal_result_num"": 50}"
sl,sift1m,75p,spann,6,0.8764705882352941,2.331446505190311,0,0.0,0.0,1.0,linear,"{""max_check"": 8192, ""overfetch_factor"": 30.0, ""search_internal_result_num"": 0}"
sl,sift1m,75p,spann,7,0.8865051903114188,2.8240676816608996,0,0.0,0.0,1.0,linear,"{""max_check"": 8192, ""overfetch_factor"": 40.0, ""search_internal_result_num"": 0}"
sl,sift1m,75p,spann,11,0.8866782006920416,3.7926030244842064,1,0.0,0.0,1.0,linear,"{""max_check"": 8192, ""overfetch_factor"": 160.0, ""search_internal_result_num"": 0}"
sl,sift1m,75p,spann,8,0.8868512110726644,2.7760706228373704,0,0.0,0.0,1.0,linear,"{""max_check"": 8192, ""overfetch_factor"": 50.5, ""search_internal_result_num"": 0}"
sl,sift1m,75p,spann,9,0.8868512110726644,3.1632522145328714,0,0.0,0.0,1.0,linear,"{""max_check"": 8192, ""overfetch_factor"": 100.0, ""search_internal_result_num"": 0}"
sl,sift1m,75p,spann,10,0.8868512110726644,3.3028276816608995,0,0.0,0.0,1.0,linear,"{""max_check"": 8192, ""overfetch_factor"": 75.0, ""search_internal_result_num"": 0}"
sl,sift1m,75p,spann,12,0.8868512110726644,4.077773529411764,0,0.0,0.0,1.0,linear,"{""max_check"": 8192, ""overfetch_factor"": 150.0, ""search_internal_result_num"": 0}"
sl,sift1m,75p,spann,13,0.8868512110726644,4.083180622837371,0,0.0,0.0,1.0,linear,"{""max_check"": 16384, ""overfetch_factor"": 100.0, ""search_internal_result_num"": 0}"
sl,sift1m,75p,spann,14,0.8868512110726644,5.0933048788927335,0,0.0,0.0,1.0,linear,"{""max_check"": 8192, ""overfetch_factor"": 250.0, ""search_internal_result_num"": 0}"
sl,sift1m,75p,spann,15,0.9380622837370243,9.481507561210517,1,0.0,0.0,1.0,linear,"{""max_check"": 8192, ""overfetch_factor"": 1000.0, ""search_internal_result_num"": 100}"
sl,sift1m,75p,spann,16,0.9823529411764705,23.703768903026294,1,0.0,0.0,1.0,linear,"{""max_check"": 8192, ""overfetch_factor"": 1000.0, ""search_internal_result_num"": 200}"
sl,sift1m,75p,spann,17,0.9930795847750865,21.431633564013843,0,0.0,0.0,1.0,linear,"{""max_check"": 8192, ""overfetch_factor"": 1000.0, ""search_internal_result_num"": 350}"
sl,sift1m,75p,spann,18,0.993771626297578,13.96283564013841,0,0.0,0.0,1.0,linear,"{""max_check"": 16384, ""overfetch_factor"": 500.0, ""search_internal_result_num"": 400}"
sl,sift1m,75p,spann,19,0.9961937716262975,20.602733564013842,0,0.0,0.0,1.0,linear,"{""max_check"": 8192, ""overfetch_factor"": 1000.0, ""search_internal_result_num"": 500}"
sl,sift1m,75p,spann,20,0.9961937716262975,27.883497231833907,0,0.0,0.0,1.0,linear,"{""max_check"": 32768, ""overfetch_factor"": 1000.0, ""search_internal_result_num"": 500}"
sl,sift1m,75p,spann,21,0.9975778546712801,18.002412456747408,0,0.0,0.0,1.0,linear,"{""max_check"": 16384, ""overfetch_factor"": 500.0, ""search_internal_result_num"": 600}"
sl,sift1m,75p,spann,22,0.998961937716263,31.981847750865054,0,0.0,0.0,1.0,linear,"{""max_check"": 8192, ""overfetch_factor"": 1000.0, ""search_internal_result_num"": 750}"
sl,sift1m,75p,spann,23,0.998961937716263,32.211721107266435,0,0.0,0.0,1.0,linear,"{""max_check"": 32768, ""overfetch_factor"": 1500.0, ""search_internal_result_num"": 750}"
sl,sift1m,75p,spann,24,0.998961937716263,41.1276892733564,0,0.0,0.0,1.0,linear,"{""max_check"": 32768, ""overfetch_factor"": 2000.0, ""search_internal_result_num"": 750}"
sl,sift1m,75p,spann,25,0.9993079584775086,39.09836089965398,0,0.0,0.0,1.0,linear,"{""max_check"": 32768, ""overfetch_factor"": 1500.0, ""search_internal_result_num"": 1000}"
sl,sift1m,75p,spann,26,0.9993079584775086,42.50557197231834,0,0.0,0.0,1.0,linear,"{""max_check"": 32768, ""overfetch_factor"": 2000.0, ""search_internal_result_num"": 1000}"
sl,sift1m,75p,spann,27,0.9993079584775086,55.564548096885815,0,0.0,0.0,1.0,linear,"{""max_check"": 32768, ""overfetch_factor"": 3000.0, ""search_internal_result_num"": 1000}"
sl,sift1m,75p,spann,28,0.9996539792387542,52.45886366782007,0,0.0,0.0,1.0,linear,"{""max_check"": 32768, ""overfetch_factor"": 2000.0, ""search_internal_result_num"": 1500}"
sl,sift1m,75p,spann,29,0.9996539792387542,60.847806920415216,0,0.0,0.0,1.0,linear,"{""max_check"": 32768, ""overfetch_factor"": 2000.0, ""search_internal_result_num"": 2000}"
sl,sift1m,75p,spann,30,0.9996539792387542,100.0967643598616,0,0.0,0.0,1.0,linear,"{""max_check"": 32768, ""overfetch_factor"": 5000.0, ""search_internal_result_num"": 2000}"
sl,sift1m,75p,spann,31,1.0,59.25942225756573,1,0.0,0.0,1.0,linear,"{""max_check"": 32768, ""overfetch_factor"": 2000.0, ""search_internal_result_num"": 5000}"
sl,sift1m,99p,curator,0,0.5239130434782608,0.17185013043478262,1,0.0,0.0,1.0,linear,"{""pq_M"": 32, ""search_ef"": 64}"
sl,sift1m,99p,curator,1,0.55,0.1641257391304348,0,0.0,0.0,1.0,linear,"{""pq_M"": 32, ""search_ef"": 96}"
sl,sift1m,99p,curator,2,0.6152173913043477,0.23310330434782606,1,0.0,0.0,1.0,linear,"{""pq_M"": 32, ""search_ef"": 128}"
sl,sift1m,99p,curator,3,0.6630434782608695,0.23559393478260876,1,0.0,0.0,1.0,linear,"{""pq_M"": 32, ""search_ef"": 192}"
sl,sift1m,99p,curator,4,0.7173913043478263,0.2811301739130435,1,0.0,0.0,1.0,linear,"{""pq_M"": 32, ""search_ef"": 256}"
sl,sift1m,99p,curator,5,0.7695652173913045,0.365028847826087,1,0.0,0.0,1.0,linear,"{""pq_M"": 32, ""search_ef"": 384}"
sl,sift1m,99p,curator,6,0.8130434782608694,0.48949097826086946,0,0.0,0.0,1.0,linear,"{""pq_M"": 32, ""search_ef"": 512}"
sl,sift1m,99p,curator,7,0.8434782608695651,0.7100715434782608,1,0.0,0.0,1.0,linear,"{""pq_M"": 32, ""search_ef"": 768}"
sl,sift1m,99p,curator,8,0.8630434782608696,0.8205391739130434,0,0.0,0.0,1.0,linear,"{""pq_M"": 32, ""search_ef"": 1024}"
sl,sift1m,99p,curator,9,0.8826086956521736,1.0077286739130435,0,0.0,0.0,1.0,linear,"{""pq_M"": 32, ""search_ef"": 1280}"
sl,sift1m,99p,curator,10,0.8956521739130434,1.2421499782608696,1,0.0,0.0,1.0,linear,"{""pq_M"": 32, ""search_ef"": 1536}"
sl,sift1m,99p,curator,11,0.9282608695652173,1.966519565217391,1,0.0,0.0,1.0,linear,"{""pq_M"": 32, ""search_ef"": 2048}"
sl,sift1m,99p,curator,12,0.934782608695652,1.758640652173913,0,0.0,0.0,1.0,linear,"{""pq_M"": 32, ""search_ef"": 2500}"
sl,sift1m,99p,curator,13,0.9543478260869565,3.1768369565217385,0,0.0,0.0,1.0,linear,"{""pq_M"": 32, ""search_ef"": 3000}"
sl,sift1m,99p,curator,14,0.9695652173913044,5.38565695652174,0,0.0,0.0,1.0,linear,"{""pq_M"": 32, ""search_ef"": 4096}"
sl,sift1m,99p,curator,15,0.9782608695652172,4.9162989130434775,1,0.0,0.0,1.0,linear,"{""pq_M"": 32, ""search_ef"": 8192}"
sl,sift1m,99p,diskivf,0,0.49999999999999994,1.4113782826086956,1,0.0,0.0,1.0,linear,"{""nlist"": 1000, ""nprobe"": 2}"
sl,sift1m,99p,diskivf,1,0.5934782608695651,1.3717592173913042,0,0.0,0.0,1.0,linear,"{""nlist"": 1000, ""nprobe"": 3}"
sl,sift1m,99p,diskivf,2,0.6434782608695652,2.5615530434782605,1,0.0,0.0,1.0,linear,"{""nlist"": 1000, ""nprobe"": 4}"
sl,sift1m,99p,diskivf,3,0.7478260869565218,3.1836110869565224,1,0.0,0.0,1.0,linear,"{""nlist"": 1000, ""nprobe"": 6}"
sl,sift1m,99p,diskivf,4,0.8130434782608695,4.7406493478260865,1,0.0,0.0,1.0,linear,"{""nlist"": 1000, ""nprobe"": 8}"
sl,sift1m,99p,diskivf,5,0.8826086956521739,6.868649565217389,1,0.0,0.0,1.0,linear,"{""nlist"": 1000, ""nprobe"": 12}"
sl,sift1m,99p,diskivf,6,0.9130434782608695,7.837750217391305,1,0.0,0.0,1.0,linear,"{""nlist"": 1000, ""nprobe"": 16}"
sl,sift1m,99p,diskivf,7,0.9391304347826086,10.312647826086954,1,0.0,0.0,1.0,linear,"{""nlist"": 1000, ""nprobe"": 20}"
sl,sift1m,99p,diskivf,8,0.9456521739130435,12.487027391304343,0,0.0,0.0,1.0,linear,"{""nlist"": 1000, ""nprobe"": 24}"
sl,sift1m,99p,diskivf,9,0.9695652173913044,16.736910869565214,1,0.0,0.0,1.0,linear,"{""nlist"": 1000, ""nprobe"": 32}"
sl,sift1m,99p,diskivf,10,0.991304347826087,25.515419565217393,0,0.0,0.0,1.0,linear,"{""nlist"": 1000, ""nprobe"": 48}"
sl,sift1m,99p,diskivf,11,0.991304347826087,37.217200000000005,0,0.0,0.0,1.0,linear,"{""nlist"": 1000, ""nprobe"": 64}"
sl,sift1m,99p,diskivf,12,0.9934782608695651,43.03014347826087,0,0.0,0.0,1.0,linear,"{""nlist"": 1000, ""nprobe"": 80}"
sl,sift1m,99p,diskivf,13,0.9956521739130434,41.84227717391303,1,0.0,0.0,1.0,linear,"{""nlist"": 1000, ""nprobe"": 96}"
sl,sift1m,99p,diskivf,14,0.9956521739130434,65.82583913043477,0,0.0,0.0,1.0,linear,"{""nlist"": 1000, ""nprobe"": 128}"
sl,sift1m,99p,prefilter,0,1.0,19.189567391304347,1,0.0,0.0,1.0,linear,{}
sl,sift1m,99p,spann,0,0.5217391304347826,1.532541608695652,1,0.0,0.0,1.0,linear,"{""max_check"": 8192, ""overfetch_factor"": 2.2, ""search_internal_result_num"": 0}"
sl,sift1m,99p,spann,1,0.5869565217391305,1.5181397826086953,0,0.0,0.0,1.0,linear,"{""max_check"": 8192, ""overfetch_factor"": 2.4, ""search_internal_result_num"": 0}"
sl,sift1m,99p,spann,2,0.6652173913043478,1.5360408695652175,1,0.0,0.0,1.0,linear,"{""max_check"": 8192, ""overfetch_factor"": 2.7, ""search_internal_result_num"": 0}"
sl,sift1m,99p,spann,3,0.741304347826087,1.8685815217391304,1,0.0,0.0,1.0,linear,"{""max_check"": 8192, ""overfetch_factor"": 3.0, ""search_internal_result_num"": 0}"
sl,sift1m,99p,spann,4,0.8673913043478261,2.0241623913043485,1,0.0,1.0,1.0,linear,"{""max_check"": 8192, ""overfetch_factor"": 4.0, ""search_internal_result_num"": 0}"
sl,sift1m,99p,spann,5,0.9500000000000001,5.060405978260871,1,0.0,5.0,1.0,linear,"{""max_check"": 8192, ""overfetch_factor"": 1000.0, ""search_internal_result_num"": 50}"
sl,sift1m,99p,spann,6,0.9652173913043477,1.795273260869565,0,0.0,0.0,1.0,linear,"{""max_check"": 4096, ""overfetch_factor"": 25.0, ""search_internal_result_num"": 0}"
sl,sift1m,99p,spann,7,0.967391304347826,1.9677173913043478,0,0.0,0.0,1.0,linear,"{""max_check"": 8192, ""overfetch_factor"": 15.0, ""search_internal_result_num"": 0}"
sl,sift1m,99p,spann,8,0.967391304347826,2.1030332608695654,0,0.0,0.0,1.0,linear,"{""max_check"": 8192, ""overfetch_factor"": 12.0, ""search_internal_result_num"": 0}"
sl,sift1m,99p,spann,9,0.967391304347826,2.4199563043478265,0,0.0,0.0,1.0,linear,"{""max_check"": 8192, ""overfetch_factor"": 20.0, ""search_internal_result_num"": 0}"
sl,sift1m,99p,spann,10,0.967391304347826,2.535296304347826,0,0.0,0.0,1.0,linear,"{""max_check"": 8192, ""overfetch_factor"": 30.0, ""search_internal_result_num"": 0}"
sl,sift1m,99p,spann,11,0.967391304347826,2.854632173913043,0,0.0,0.0,1.0,linear,"{""max_check"": 8192, ""overfetch_factor"": 50.5, ""search_internal_result_num"": 0}"
sl,sift1m,99p,spann,12,0.967391304347826,2.8705876086956517,0,0.0,0.0,1.0,linear,"{""max_check"": 8192, ""overfetch_factor"": 25.0, ""search_internal_result_num"": 0}"
sl,sift1m,99p,spann,13,0.967391304347826,3.0834010869565214,0,0.0,0.0,1.0,linear,"{""max_check"": 8192, ""overfetch_factor"": 40.0, ""search_internal_result_num"": 0}"
sl,sift1m,99p,spann,14,0.967391304347826,3.287966739130436,0,0.0,0.0,1.0,linear,"{""max_check"": 8192, ""overfetch_factor"": 100.0, ""search_internal_result_num"": 0}"
sl,sift1m,99p,spann,15,0.967391304347826,3.3570634782608693,0,0.0,0.0,1.0,linear,"{""max_check"": 8192, ""overfetch_factor"": 75.0, ""search_internal_result_num"": 0}"
sl,sift1m,99p,spann,16,0.967391304347826,4.130552608695653,0,0.0,0.0,1.0,linear,"{""max_check"": 8192, ""overfetch_factor"": 160.0, ""search_internal_result_num"": 0}"
sl,sift1m,99p,spann,17,0.967391304347826,4.160989347826087,0,0.0,0.0,1.0,linear,"{""max_check"": 8192, ""overfetch_factor"": 150.0, ""search_internal_result_num"": 0}"
sl,sift1m,99p,spann,18,0.967391304347826,4.327421739130434,0,0.0,0.0,1.0,linear,"{""max_check"": 16384, ""overfetch_factor"": 100.0, ""search_internal_result_num"": 0}"
sl,sift1m,99p,spann,19,0.967391304347826,5.193606956521739,0,0.0,0.0,1.0,linear,"{""max_check"": 8192, ""overfetch_factor"": 250.0, ""search_internal_result_num"": 0}"
sl,sift1m,99p,spann,20,0.991304347826087,14.844369565217391,0,0.0,0.0,1.0,linear,"{""max_check"": 8192, ""overfetch_factor"": 1000.0, ""search_internal_result_num"": 100}"
sl,sift1m,99p,spann,21,0.9956521739130434,24.968728260869565,0,0.0,0.0,1.0,linear,"{""max_check"": 8192, ""overfetch_factor"": 1000.0, ""search_internal_result_num"": 200}"
sl,sift1m,99p,spann,22,1.0,12.651014945652177,0,0.0,0.0,1.0,linear,"{""max_check"": 16384, ""overfetch_factor"": 500.0, ""search_internal_result_num"": 400}"
sl,sift1m,99p,spann,23,1.0,17.841339130434783,0,0.0,0.0,1.0,linear,"{""max_check"": 16384, ""overfetch_factor"": 500.0, ""search_internal_result_num"": 600}"
sl,sift1m,99p,spann,24,1.0,18.97819782608696,0,0.0,0.0,1.0,linear,"{""max_check"": 8192, ""overfetch_factor"": 1000.0, ""search_internal_result_num"": 350}"
sl,sift1m,99p,spann,25,1.0,20.910697826086956,0,0.0,0.0,1.0,linear,"{""max_check"": 8192, ""overfetch_factor"": 1000.0, ""search_internal_result_num"": 500}"
sl,sift1m,99p,spann,26,1.0,28.700856521739134,0,0.0,0.0,1.0,linear,"{""max_check"": 32768, ""overfetch_factor"": 1000.0, ""search_internal_result_num"": 500}"
sl,sift1m,99p,spann,27,1.0,31.71387173913043,0,0.0,0.0,1.0,linear,"{""max_check"": 32768, ""overfetch_factor"": 1500.0, ""search_internal_result_num"": 750}"
sl,sift1m,99p,spann,28,1.0,32.067550000000004,0,0.0,0.0,1.0,linear,"{""max_check"": 8192, ""overfetch_factor"": 1000.0, ""search_internal_result_num"": 750}"
sl,sift1m,99p,spann,29,1.0,40.53466739130435,0,0.0,0.0,1.0,linear,"{""max_check"": 32768, ""overfetch_factor"": 2000.0, ""search_internal_result_num"": 750}"
sl,sift1m,99p,spann,30,1.0,40.72267608695652,0,0.0,0.0,1.0,linear,"{""max_check"": 32768, ""overfetch_factor"": 2000.0, ""search_internal_result_num"": 1000}"
sl,sift1m,99p,spann,31,1.0,45.71202826086956,0,0.0,0.0,1.0,linear,"{""max_check"": 32768, ""overfetch_factor"": 1500.0, ""search_internal_result_num"": 1000}"
sl,sift1m,99p,spann,32,1.0,53.24135217391304,1,0.0,0.0,1.0,linear,"{""max_check"": 32768, ""overfetch_factor"": 2000.0, ""search_internal_result_num"": 1500}"
sl,sift1m,99p,spann,33,1.0,53.365978260869575,0,0.0,0.0,1.0,linear,"{""max_check"": 32768, ""overfetch_factor"": 3000.0, ""search_internal_result_num"": 1000}"
sl,sift1m,99p,spann,34,1.0,79.60478043478261,0,0.0,0.0,1.0,linear,"{""max_check"": 32768, ""overfetch_factor"": 2000.0, ""search_internal_result_num"": 2000}"
sl,sift1m,99p,spann,35,1.0,92.8009043478261,0,0.0,0.0,1.0,linear,"{""max_check"": 32768, ""overfetch_factor"": 5000.0, ""search_internal_result_num"": 2000}"
sl,sift1m,99p,spann,36,1.0,113.02510434782607,0,0.0,0.0,1.0,linear,"{""max_check"": 32768, ""overfetch_factor"": 2000.0, ""search_internal_result_num"": 5000}"
sl,wit,1p,curator,0,0.653571428571429,5.469611428571429,1,0.0,0.0,1.0,linear,"{""pq_M"": 128, ""search_ef"": 256}"
sl,wit,1p,curator,1,0.767857142857143,8.984118928571428,1,0.0,0.0,1.0,linear,"{""pq_M"": 128, ""search_ef"": 512}"
sl,wit,1p,curator,2,0.860714285714286,14.582750357142858,1,0.0,0.0,1.0,linear,"{""pq_M"": 128, ""search_ef"": 768}"
sl,wit,1p,curator,3,0.932142857142857,16.83039964285714,1,0.0,4.2,1.0,linear,"{""pq_M"": 128, ""search_ef"": 1024}"
sl,wit,1p,curator,4,0.953571428571429,27.661949999999997,1,0.0,0.0,1.0,linear,"{""pq_M"": 128, ""search_ef"": 1536}"
sl,wit,1p,curator,5,0.992857142857143,40.482653571428564,1,0.0,0.0,1.0,linear,"{""pq_M"": 128, ""search_ef"": 3072}"
sl,wit,1p,curator,6,0.9607142857142856,46.573817857142856,0,0.0,0.0,1.0,linear,"{""pq_M"": 128, ""search_ef"": 6144}"
sl,wit,1p,curator,7,0.9607142857142856,51.940985714285716,0,0.0,0.0,1.0,linear,"{""pq_M"": 128, ""search_ef"": 8192}"
sl,wit,1p,curator,8,0.9642857142857143,28.841010714285716,0,0.0,0.0,1.0,linear,"{""pq_M"": 128, ""search_ef"": 2048}"
sl,wit,1p,curator,9,0.9642857142857143,37.040328571428574,0,0.0,0.0,1.0,linear,"{""pq_M"": 128, ""search_ef"": 4096}"
sl,wit,1p,curator,10,0.9642857142857143,48.68139999999999,0,0.0,0.0,1.0,linear,"{""pq_M"": 128, ""search_ef"": 12288}"
sl,wit,1p,curator,11,0.9642857142857143,49.11028928571428,0,0.0,0.0,1.0,linear,"{""pq_M"": 128, ""search_ef"": 16384}"
sl,wit,1p,curator,12,1,49.93822857142857,1,0.0,0.0,1.0,linear,"{""pq_M"": 128, ""search_ef"": 24576}"
sl,wit,1p,diskivf,0,0.517857142857143,41.03048928571429,1,0.0,0.0,1.0,linear,"{""nlist"": 1722, ""nprobe"": 8}"
sl,wit,1p,diskivf,1,0.592857142857143,66.36516785714286,1,0.0,0.0,1.0,linear,"{""nlist"": 1722, ""nprobe"": 12}"
sl,wit,1p,diskivf,2,0.65,80.7139,1,0.0,0.0,1.0,linear,"{""nlist"": 1722, ""nprobe"": 16}"
sl,wit,1p,diskivf,3,0.7,100.89148571428574,1,0.0,0.0,1.0,linear,"{""nlist"": 1722, ""nprobe"": 20}"
sl,wit,1p,diskivf,4,0.732142857142857,131.97105,1,0.0,0.0,1.0,linear,"{""nlist"": 1722, ""nprobe"": 24}"
sl,wit,1p,diskivf,5,0.814285714285714,198.40024642857142,1,0.0,0.0,1.0,linear,"{""nlist"": 1722, ""nprobe"": 32}"
sl,wit,1p,diskivf,6,0.892857142857143,250.98019285714284,1,0.0,0.0,1.0,linear,"{""nlist"": 1722, ""nprobe"": 48}"
sl,wit,1p,diskivf,7,0.9214285714285714,333.07364285714283,0,0.0,0.0,1.0,linear,"{""nlist"": 1722, ""nprobe"": 64}"
sl,wit,1p,diskivf,8,0.935714285714286,398.7616428571429,1,0.0,0.0,1.0,linear,"{""nlist"": 1722, ""nprobe"": 80}"
sl,wit,1p,diskivf,9,0.9535714285714285,500.75425,0,0.0,0.0,1.0,linear,"{""nlist"": 1722, ""nprobe"": 96}"
sl,wit,1p,diskivf,10,0.964285714285714,649.2989642857144,1,0.0,0.0,1.0,linear,"{""nlist"": 1722, ""nprobe"": 128}"
sl,wit,1p,prefilter,0,1,2.0283842857142855,1,0.0,0.0,1.0,linear,{}
sl,wit,1p,spann,0,0.532142857142857,16.721553571428572,1,0.0,0.0,1.0,linear,"{""max_check"": 16384, ""overfetch_factor"": 500.0, ""search_internal_result_num"": 200}"
sl,wit,1p,spann,1,0.667857142857143,30.34054642857143,1,0.0,0.0,1.0,linear,"{""max_check"": 32768, ""overfetch_factor"": 1000.0, ""search_internal_result_num"": 500}"
sl,wit,1p,spann,2,0.7607142857142859,66.72096428571429,0,0.0,0.0,1.0,linear,"{""max_check"": 65536, ""overfetch_factor"": 2000.0, ""search_internal_result_num"": 1000}"
sl,wit,1p,spann,3,0.760714285714286,67.53664285714287,1,0.0,0.0,1.0,linear,"{""max_check"": 32768, ""overfetch_factor"": 2000.0, ""search_internal_result_num"": 1000}"
sl,wit,1p,spann,4,0.839285714285714,104.49074449091259,1,0.0,0.0,1.0,linear,"{""max_check"": 65536, ""overfetch_factor"": 2000.0, ""search_internal_result_num"": 2000}"
sl,wit,1p,spann,5,0.8428571428571427,122.88132142857144,0,0.0,0.0,1.0,linear,"{""max_check"": 65536, ""overfetch_factor"": 5000.0, ""search_internal_result_num"": 2000}"
sl,wit,1p,spann,6,0.8428571428571429,72.74335714285714,0,0.0,0.0,1.0,linear,"{""max_check"": 32768, ""overfetch_factor"": 2000.0, ""search_internal_result_num"": 2000}"
sl,wit,1p,spann,7,0.882142857142857,155.77435714285713,1,0.0,0.0,1.0,linear,"{""max_check"": 65536, ""overfetch_factor"": 2000.0, ""search_internal_result_num"": 5000}"
sl,wit,25p,curator,0,0.61044776119403,6.733548656716418,1,0.0,0.0,1.0,linear,"{""pq_M"": 128, ""search_ef"": 512}"
sl,wit,25p,curator,1,0.691044776119403,11.061783880597014,1,0.0,0.0,1.0,linear,"{""pq_M"": 128, ""search_ef"": 768}"
sl,wit,25p,curator,2,0.750746268656716,13.92577432835821,1,0.0,0.0,1.0,linear,"{""pq_M"": 128, ""search_ef"": 1024}"
sl,wit,25p,curator,3,0.862686567164179,22.93740432835821,1,0.0,0.0,1.0,linear,"{""pq_M"": 128, ""search_ef"": 1536}"
sl,wit,25p,curator,4,0.8865671641791044,21.848304477611943,0,0.0,0.0,1.0,linear,"{""pq_M"": 128, ""search_ef"": 2048}"
sl,wit,25p,curator,5,0.97910447761194,33.00893283582089,1,0.0,0.0,1.0,linear,"{""pq_M"": 128, ""search_ef"": 3072}"
sl,wit,25p,curator,6,0.9641791044776119,30.990377611940303,0,0.0,0.0,1.0,linear,"{""pq_M"": 128, ""search_ef"": 4096}"
sl,wit,25p,curator,7,0.9686567164179105,60.39989701492538,0,0.0,0.0,1.0,linear,"{""pq_M"": 128, ""search_ef"": 16384}"
sl,wit,25p,curator,8,1,43.18490597014925,1,0.0,0.0,1.0,linear,"{""pq_M"": 128, ""search_ef"": 6144}"
sl,wit,25p,curator,9,0.9701492537313433,55.240549253731345,0,0.0,0.0,1.0,linear,"{""pq_M"": 128, ""search_ef"": 8192}"
sl,wit,25p,curator,10,0.9701492537313433,60.53375074626866,0,0.0,0.0,1.0,linear,"{""pq_M"": 128, ""search_ef"": 12288}"
sl,wit,25p,curator,11,0.9701492537313433,61.68769253731344,0,0.0,0.0,1.0,linear,"{""pq_M"": 128, ""search_ef"": 24576}"
sl,wit,25p,diskivf,0,0.56865671641791,59.13733731343284,1,0.0,0.0,1.0,linear,"{""nlist"": 1722, ""nprobe"": 12}"
sl,wit,25p,diskivf,1,0.623880597014925,73.50228507462685,1,0.0,0.0,1.0,linear,"{""nlist"": 1722, ""nprobe"": 16}"
sl,wit,25p,diskivf,2,0.6626865671641791,90.95658208955226,0,0.0,0.0,1.0,linear,"{""nlist"": 1722, ""nprobe"": 20}"
sl,wit,25p,diskivf,3,0.695522388059702,111.71542388059702,1,0.0,0.0,1.0,linear,"{""nlist"": 1722, ""nprobe"": 24}"
sl,wit,25p,diskivf,4,0.728358208955224,173.8843223880597,1,0.03,0.0,1.0,linear,"{""nlist"": 1722, ""nprobe"": 32}"
sl,wit,25p,diskivf,5,0.811940298507463,230.10536716417909,1,0.0,0.0,1.0,linear,"{""nlist"": 1722, ""nprobe"": 48}"
sl,wit,25p,diskivf,6,0.871641791044776,321.21697611940294,1,0.0,0.0,1.0,linear,"{""nlist"": 1722, ""nprobe"": 64}"
sl,wit,25p,diskivf,7,0.908955223880597,372.56253731343276,1,0.0,0.0,1.0,linear,"{""nlist"": 1722, ""nprobe"": 80}"
sl,wit,25p,diskivf,8,0.9283582089552239,476.01722388059704,0,0.0,0.0,1.0,linear,"{""nlist"": 1722, ""nprobe"": 96}"
sl,wit,25p,diskivf,9,0.959701492537313,607.5114029850746,1,0.0,0.0,1.0,linear,"{""nlist"": 1722, ""nprobe"": 128}"
sl,wit,25p,prefilter,0,1,2.411492089552239,1,0.0,0.0,1.0,linear,{}
sl,wit,25p,spann,0,0.538805970149254,17.270637313432836,1,0.0,0.0,1.0,linear,"{""max_check"": 16384, ""overfetch_factor"": 500.0, ""search_internal_result_num"": 200}"
sl,wit,25p,spann,1,0.647761194029851,30.17685671641791,1,0.0,0.0,1.0,linear,"{""max_check"": 32768, ""overfetch_factor"": 1000.0, ""search_internal_result_num"": 500}"
sl,wit,25p,spann,2,0.732835820895522,60.1559979974893,1,0.0,0.0,1.0,linear,"{""max_check"": 32768, ""overfetch_factor"": 2000.0, ""search_internal_result_num"": 1000}"
sl,wit,25p,spann,3,0.7343283582089553,60.87461194029851,0,0.0,0.0,1.0,linear,"{""max_check"": 65536, ""overfetch_factor"": 2000.0, ""search_internal_result_num"": 1000}"
sl,wit,25p,spann,4,0.780597014925373,80.01204892178286,1,0.0,10.0,1.0,linear,"{""max_check"": 32768, ""overfetch_factor"": 2000.0, ""search_internal_result_num"": 2000}"
sl,wit,25p,spann,5,0.7850746268656716,81.0275089552239,0,0.0,0.0,1.0,linear,"{""max_check"": 65536, ""overfetch_factor"": 2000.0, ""search_internal_result_num"": 2000}"
sl,wit,25p,spann,6,0.795522388059701,135.64907462686566,1,0.02,0.0,1.0,linear,"{""max_check"": 65536, ""overfetch_factor"": 5000.0, ""search_internal_result_num"": 2000}"
sl,wit,25p,spann,7,0.838805970149254,158.9628208955224,1,0.0,32.0,1.0,linear,"{""max_check"": 65536, ""overfetch_factor"": 2000.0, ""search_internal_result_num"": 5000}"
sl,wit,50p,curator,0,0.576086956521739,4.6174486956521745,1,0.0,0.0,1.0,linear,"{""pq_M"": 128, ""search_ef"": 512}"
sl,wit,50p,curator,1,0.658695652173913,7.938267717391303,1,0.0,0.0,1.0,linear,"{""pq_M"": 128, ""search_ef"": 768}"
sl,wit,50p,curator,2,0.739130434782609,9.810293043478262,1,0.0,0.0,1.0,linear,"{""pq_M"": 128, ""search_ef"": 1024}"
sl,wit,50p,curator,3,0.8010869565217393,16.06443739130435,0,0.0,0.0,1.0,linear,"{""pq_M"": 128, ""search_ef"": 1536}"
sl,wit,50p,curator,4,0.866304347826087,15.097039130434782,1,0.0,0.0,1.0,linear,"{""pq_M"": 128, ""search_ef"": 2048}"
sl,wit,50p,curator,5,0.948913043478261,22.961329347826084,1,0.0,0.0,1.0,linear,"{""pq_M"": 128, ""search_ef"": 3072}"
sl,wit,50p,curator,6,0.983695652173913,24.60907282608696,1,0.0,13.0,1.0,linear,"{""pq_M"": 128, ""search_ef"": 4096}"
sl,wit,50p,curator,7,0.9728260869565217,37.11460217391305,0,0.0,0.0,1.0,linear,"{""pq_M"": 128, ""search_ef"": 6144}"
sl,wit,50p,curator,8,0.976086956521739,51.09340543478261,0,0.0,0.0,1.0,linear,"{""pq_M"": 128, ""search_ef"": 8192}"
sl,wit,50p,curator,9,0.976086956521739,73.76691739130435,0,0.0,0.0,1.0,linear,"{""pq_M"": 128, ""search_ef"": 12288}"
sl,wit,50p,curator,10,0.997826086956522,80.9488902173913,1,0.0,0.0,1.0,linear,"{""pq_M"": 128, ""search_ef"": 24576}"
sl,wit,50p,curator,11,0.9771739130434783,61.522682065217396,0,0.0,0.0,1.0,linear,"{""pq_M"": 128, ""search_ef"": 16384}"
sl,wit,50p,diskivf,0,0.566304347826087,53.97991956521741,1,0.0,0.0,1.0,linear,"{""nlist"": 1722, ""nprobe"": 12}"
sl,wit,50p,diskivf,1,0.626086956521739,69.53143586956521,1,0.0,0.0,1.0,linear,"{""nlist"": 1722, ""nprobe"": 16}"
sl,wit,50p,diskivf,2,0.673913043478261,84.57799456521738,1,0.0,0.0,1.0,linear,"{""nlist"": 1722, ""nprobe"": 20}"
sl,wit,50p,diskivf,3,0.726086956521739,114.01044347826088,1,0.0,0.0,1.0,linear,"{""nlist"": 1722, ""nprobe"": 24}"
sl,wit,50p,diskivf,4,0.771739130434783,174.40940652173913,1,0.0,0.0,1.0,linear,"{""nlist"": 1722, ""nprobe"": 32}"
sl,wit,50p,diskivf,5,0.835869565217392,227.99933586956521,1,0.0,0.0,1.0,linear,"{""nlist"": 1722, ""nprobe"": 48}"
sl,wit,50p,diskivf,6,0.8771739130434785,320.9469130434782,0,0.0,0.0,1.0,linear,"{""nlist"": 1722, ""nprobe"": 64}"
sl,wit,50p,diskivf,7,0.907608695652174,378.48413260869563,1,0.0,0.0,1.0,linear,"{""nlist"": 1722, ""nprobe"": 80}"
sl,wit,50p,diskivf,8,0.9315217391304348,478.1862934782607,0,0.0,0.0,1.0,linear,"{""nlist"": 1722, ""nprobe"": 96}"
sl,wit,50p,diskivf,9,0.954347826086957,635.8451195652175,1,0.0,0.0,1.0,linear,"{""nlist"": 1722, ""nprobe"": 128}"
sl,wit,50p,prefilter,0,1,3.2241138043478275,1,0.0,0.0,1.0,linear,{}
sl,wit,50p,spann,0,0.578260869565217,17.125372826086956,1,0.0,0.0,1.0,linear,"{""max_check"": 16384, ""overfetch_factor"": 500.0, ""search_internal_result_num"": 200}"
sl,wit,50p,spann,1,0.706521739130435,30.186913043478263,1,0.0,0.0,1.0,linear,"{""max_check"": 32768, ""overfetch_factor"": 1000.0, ""search_internal_result_num"": 500}"
sl,wit,50p,spann,2,0.791304347826087,60.239543714794586,1,0.0,0.0,1.0,linear,"{""max_check"": 32768, ""overfetch_factor"": 2000.0, ""search_internal_result_num"": 1000}"
sl,wit,50p,spann,3,0.7956521739130433,60.952281521739124,0,0.0,0.0,1.0,linear,"{""max_check"": 65536, ""overfetch_factor"": 2000.0, ""search_internal_result_num"": 1000}"
sl,wit,50p,spann,4,0.835869565217391,79.82444478886904,1,0.0,17.0,1.0,linear,"{""max_check"": 32768, ""overfetch_factor"": 2000.0, ""search_internal_result_num"": 2000}"
sl,wit,50p,spann,5,0.8434782608695651,83.73880978260868,0,0.0,0.0,1.0,linear,"{""max_check"": 65536, ""overfetch_factor"": 2000.0, ""search_internal_result_num"": 2000}"
sl,wit,50p,spann,6,0.855434782608696,124.49731521739132,1,0.0,0.0,1.0,linear,"{""max_check"": 65536, ""overfetch_factor"": 5000.0, ""search_internal_result_num"": 2000}"
sl,wit,50p,spann,7,0.882608695652174,167.14775,1,0.0,33.0,1.0,linear,"{""max_check"": 65536, ""overfetch_factor"": 2000.0, ""search_internal_result_num"": 5000}"
sl,wit,75p,curator,0,0.549640287769784,3.5233781330935248,1,0.0,0.0,1.0,linear,"{""pq_M"": 128, ""search_ef"": 512}"
sl,wit,75p,curator,1,0.6,5.6319066187050355,1,0.0,0.0,1.0,linear,"{""pq_M"": 128, ""search_ef"": 768}"
sl,wit,75p,curator,2,0.636690647482014,6.710355035971223,1,0.0,0.0,1.0,linear,"{""pq_M"": 128, ""search_ef"": 1024}"
sl,wit,75p,curator,3,0.6751798561151079,10.950334064748201,0,0.0,0.0,1.0,linear,"{""pq_M"": 128, ""search_ef"": 1536}"
sl,wit,75p,curator,4,0.733093525179856,10.429467302158274,1,0.0,0.0,1.0,linear,"{""pq_M"": 128, ""search_ef"": 2048}"
sl,wit,75p,curator,5,0.809352517985611,15.067506726618705,1,0.0,0.0,1.0,linear,"{""pq_M"": 128, ""search_ef"": 3072}"
sl,wit,75p,curator,6,0.846762589928058,15.130826187050358,1,0.04,6.0,1.0,linear,"{""pq_M"": 128, ""search_ef"": 4096}"
sl,wit,75p,curator,7,0.8920863309352518,20.458363992805754,0,0.0,0.0,1.0,linear,"{""pq_M"": 128, ""search_ef"": 6144}"
sl,wit,75p,curator,8,0.946402877697842,27.95951654676259,1,0.0,0.0,1.0,linear,"{""pq_M"": 128, ""search_ef"": 8192}"
sl,wit,75p,curator,9,0.960431654676259,42.312221582733805,0,0.0,0.0,1.0,linear,"{""pq_M"": 128, ""search_ef"": 12288}"
sl,wit,75p,curator,10,0.980575539568345,57.95892661870503,1,0.0,0.0,1.0,linear,"{""pq_M"": 128, ""search_ef"": 16384}"
sl,wit,75p,curator,11,0.992805755395683,88.86075539568346,1,0.0,0.0,1.0,linear,"{""pq_M"": 128, ""search_ef"": 24576}"
sl,wit,75p,diskivf,0,0.541007194244604,27.663679640287775,1,0.0,0.0,1.0,linear,"{""nlist"": 1722, ""nprobe"": 6}"
sl,wit,75p,diskivf,1,0.605395683453237,35.99064395683453,1,0.0,0.0,1.0,linear,"{""nlist"": 1722, ""nprobe"": 8}"
sl,wit,75p,diskivf,2,0.672661870503597,57.32428978417267,1,0.0,0.0,1.0,linear,"{""nlist"": 1722, ""nprobe"": 12}"
sl,wit,75p,diskivf,3,0.711870503597122,73.22479748201438,1,0.0,0.0,1.0,linear,"{""nlist"": 1722, ""nprobe"": 16}"
sl,wit,75p,diskivf,4,0.75,92.88213165467627,0,0.0,0.0,1.0,linear,"{""nlist"": 1722, ""nprobe"": 20}"
sl,wit,75p,diskivf,5,0.786330935251799,117.76254496402876,1,0.0,0.0,1.0,linear,"{""nlist"": 1722, ""nprobe"": 24}"
sl,wit,75p,diskivf,6,0.835611510791367,177.41313381294964,1,0.0,0.0,1.0,linear,"{""nlist"": 1722, ""nprobe"": 32}"
sl,wit,75p,diskivf,7,0.8863309352517986,226.7417431654676,0,0.0,0.0,1.0,linear,"{""nlist"": 1722, ""nprobe"": 48}"
sl,wit,75p,diskivf,8,0.921223021582734,313.3277118705036,1,0.0,0.0,1.0,linear,"{""nlist"": 1722, ""nprobe"": 64}"
sl,wit,75p,diskivf,9,0.9460431654676259,376.89609316546756,0,0.0,0.0,1.0,linear,"{""nlist"": 1722, ""nprobe"": 80}"
sl,wit,75p,diskivf,10,0.9600719424460431,473.8808525179856,0,0.0,0.0,1.0,linear,"{""nlist"": 1722, ""nprobe"": 96}"
sl,wit,75p,diskivf,11,0.97589928057554,614.1164388489209,1,0.0,0.0,1.0,linear,"{""nlist"": 1722, ""nprobe"": 128}"
sl,wit,75p,prefilter,0,1,10.847566258992805,1,0.0,0.0,1.0,linear,{}
sl,wit,75p,spann,0,0.5420863309352518,5.630836223021583,0,0.0,0.0,1.0,linear,"{""max_check"": 8192, ""overfetch_factor"": 75.0, ""search_internal_result_num"": 0}"
sl,wit,75p,spann,1,0.5546762589928057,5.220319064748201,0,0.0,0.0,1.0,linear,"{""max_check"": 8192, ""overfetch_factor"": 150.0, ""search_internal_result_num"": 0}"
sl,wit,75p,spann,2,0.5571942446043164,5.76174035971223,0,0.0,0.0,1.0,linear,"{""max_check"": 16384, ""overfetch_factor"": 100.0, ""search_internal_result_num"": 0}"
sl,wit,75p,spann,3,0.565107913669065,13.016477266187051,1,0.0,0.0,1.0,linear,"{""max_check"": 8192, ""overfetch_factor"": 500.0, ""search_internal_result_num"": 0}"
sl,wit,75p,spann,4,0.5723021582733812,20.934607194244602,0,0.0,0.0,1.0,linear,"{""max_check"": 32768, ""overfetch_factor"": 1000.0, ""search_internal_result_num"": 0}"
sl,wit,75p,spann,5,0.579136690647482,15.251837733812946,1,0.0,-1.0,1.0,linear,"{""max_check"": 32768, ""overfetch_factor"": 500.0, ""search_internal_result_num"": 0}"
sl,wit,75p,spann,6,0.6176258992805755,13.375508884892088,0,0.0,0.0,1.0,linear,"{""max_check"": 8192, ""overfetch_factor"": 500.0, ""search_internal_result_num"": 100}"
sl,wit,75p,spann,7,0.694244604316547,16.55528669064748,1,0.0,0.0,1.0,linear,"{""max_check"": 16384, ""overfetch_factor"": 500.0, ""search_internal_result_num"": 200}"
sl,wit,75p,spann,8,0.775179856115108,30.11609820143885,1,0.0,0.0,1.0,linear,"{""max_check"": 32768, ""overfetch_factor"": 1000.0, ""search_internal_result_num"": 500}"
sl,wit,75p,spann,9,0.8327338129496403,62.06639460431655,0,0.0,0.0,1.0,linear,"{""max_check"": 32768, ""overfetch_factor"": 2000.0, ""search_internal_result_num"": 1000}"
sl,wit,75p,spann,10,0.840647482014388,60.43881043165467,1,0.0,0.0,1.0,linear,"{""max_check"": 65536, ""overfetch_factor"": 2000.0, ""search_internal_result_num"": 1000}"
sl,wit,75p,spann,11,0.867985611510791,78.0384190647482,1,0.0,0.0,1.0,linear,"{""max_check"": 32768, ""overfetch_factor"": 2000.0, ""search_internal_result_num"": 2000}"
sl,wit,75p,spann,12,0.876258992805755,84.72743165467625,1,0.0,0.0,1.0,linear,"{""max_check"": 65536, ""overfetch_factor"": 2000.0, ""search_internal_result_num"": 2000}"
sl,wit,75p,spann,13,0.8791366906474819,127.01778381294963,0,0.0,0.0,1.0,linear,"{""max_check"": 65536, ""overfetch_factor"": 5000.0, ""search_internal_result_num"": 2000}"
sl,wit,75p,spann,14,0.911870503597122,161.81508381294964,1,0.0,0.0,1.0,linear,"{""max_check"": 65536, ""overfetch_factor"": 2000.0, ""search_internal_result_num"": 5000}"
sl,wit,99p,curator,0,0.586168224299065,4.456553644859814,1,0.0,0.0,1.0,linear,"{""pq_M"": 128, ""search_ef"": 1536}"
sl,wit,99p,curator,1,0.5424299065420559,4.437113588785047,0,0.0,0.0,1.0,linear,"{""pq_M"": 128, ""search_ef"": 2048}"
sl,wit,99p,curator,2,0.665607476635514,7.833380224299066,1,0.0,-1.6,1.0,linear,"{""pq_M"": 128, ""search_ef"": 3072}"
sl,wit,99p,curator,3,0.6317757009345795,6.375822411214954,0,0.0,0.0,1.0,linear,"{""pq_M"": 128, ""search_ef"": 4096}"
sl,wit,99p,curator,4,0.769158878504673,7.859463626168225,1,0.0,0.2,1.0,linear,"{""pq_M"": 128, ""search_ef"": 6144}"
sl,wit,99p,curator,5,0.805794392523364,11.184391719626168,1,0.0,0.0,1.0,linear,"{""pq_M"": 128, ""search_ef"": 8192}"
sl,wit,99p,curator,6,0.854018691588785,15.303655869158879,1,0.0,0.0,1.0,linear,"{""pq_M"": 128, ""search_ef"": 12288}"
sl,wit,99p,curator,7,0.889719626168224,21.300250280373834,1,0.0,0.0,1.0,linear,"{""pq_M"": 128, ""search_ef"": 16384}"
sl,wit,99p,curator,8,0.930093457943925,36.742906542056076,1,0.0,0.0,1.0,linear,"{""pq_M"": 128, ""search_ef"": 24576}"
sl,wit,99p,diskivf,0,0.578504672897196,17.129510672897197,1,0.0,0.0,1.0,linear,"{""nlist"": 1722, ""nprobe"": 3}"
sl,wit,99p,diskivf,1,0.630280373831776,23.019031887850467,1,0.0,0.0,1.0,linear,"{""nlist"": 1722, ""nprobe"": 4}"
sl,wit,99p,diskivf,2,0.704485981308411,34.946174654205606,1,0.0,0.0,1.0,linear,"{""nlist"": 1722, ""nprobe"": 6}"
sl,wit,99p,diskivf,3,0.757570093457944,43.506603065420556,1,0.0,0.0,1.0,linear,"{""nlist"": 1722, ""nprobe"": 8}"
sl,wit,99p,diskivf,4,0.813457943925234,66.24554657943925,1,0.0,0.0,1.0,linear,"{""nlist"": 1722, ""nprobe"": 12}"
sl,wit,99p,diskivf,5,0.8437383177570092,86.56326710280374,0,0.0,0.0,1.0,linear,"{""nlist"": 1722, ""nprobe"": 16}"
sl,wit,99p,diskivf,6,0.87588785046729,112.12220467289718,1,0.0,0.0,1.0,linear,"{""nlist"": 1722, ""nprobe"": 20}"
sl,wit,99p,diskivf,7,0.888411214953271,123.89856710280374,0,0.0,0.0,1.0,linear,"{""nlist"": 1722, ""nprobe"": 24}"
sl,wit,99p,diskivf,8,0.918504672897196,191.76195439252336,1,0.0,0.0,1.0,linear,"{""nlist"": 1722, ""nprobe"": 32}"
sl,wit,99p,diskivf,9,0.9388785046728972,251.9298171962617,0,0.0,0.0,1.0,linear,"{""nlist"": 1722, ""nprobe"": 48}"
sl,wit,99p,diskivf,10,0.962803738317757,343.03343084112146,1,0.0,0.0,1.0,linear,"{""nlist"": 1722, ""nprobe"": 64}"
sl,wit,99p,diskivf,11,0.9661682242990653,439.0462859813084,0,0.0,0.0,1.0,linear,"{""nlist"": 1722, ""nprobe"": 80}"
sl,wit,99p,diskivf,12,0.971214953271028,523.9735981308411,0,0.0,0.0,1.0,linear,"{""nlist"": 1722, ""nprobe"": 96}"
sl,wit,99p,diskivf,13,0.982990654205608,651.9575121495327,1,0.0,0.0,1.0,linear,"{""nlist"": 1722, ""nprobe"": 128}"
sl,wit,99p,prefilter,0,1,75.58776373831776,1,0.0,0.0,1.0,linear,{}
sl,wit,99p,spann,0,0.689532710280374,3.8028194953271033,1,0.0,0.0,1.0,linear,"{""max_check"": 8192, ""overfetch_factor"": 12.0, ""search_internal_result_num"": 0}"
sl,wit,99p,spann,1,0.6949532710280374,3.903718915887851,0,0.0,0.0,1.0,linear,"{""max_check"": 8192, ""overfetch_factor"": 15.0, ""search_internal_result_num"": 0}"
sl,wit,99p,spann,2,0.7089719626168224,3.7063465420560755,0,0.0,0.0,1.0,linear,"{""max_check"": 8192, ""overfetch_factor"": 20.0, ""search_internal_result_num"": 0}"
sl,wit,99p,spann,3,0.7114018691588786,3.322768242990654,0,0.0,0.0,1.0,linear,"{""max_check"": 4096, ""overfetch_factor"": 25.0, ""search_internal_result_num"": 0}"
sl,wit,99p,spann,4,0.7149532710280374,3.9133017383177573,0,0.0,0.0,1.0,linear,"{""max_check"": 8192, ""overfetch_factor"": 25.0, ""search_internal_result_num"": 0}"
sl,wit,99p,spann,5,0.7162616822429907,4.018132130841121,0,0.0,0.0,1.0,linear,"{""max_check"": 8192, ""overfetch_factor"": 30.0, ""search_internal_result_num"": 0}"
sl,wit,99p,spann,6,0.7185046728971962,5.288270915887851,0,0.0,0.0,1.0,linear,"{""max_check"": 8192, ""overfetch_factor"": 150.0, ""search_internal_result_num"": 0}"
sl,wit,99p,spann,7,0.726728971962617,5.552377289719626,1,0.0,0.0,1.0,linear,"{""max_check"": 8192, ""overfetch_factor"": 40.0, ""search_internal_result_num"": 0}"
sl,wit,99p,spann,8,0.7241121495327102,5.49957138317757,0,0.0,0.0,1.0,linear,"{""max_check"": 8192, ""overfetch_factor"": 75.0, ""search_internal_result_num"": 0}"
sl,wit,99p,spann,9,0.7289719626168224,6.045862224299065,0,0.0,0.0,1.0,linear,"{""max_check"": 16384, ""overfetch_factor"": 100.0, ""search_internal_result_num"": 0}"
sl,wit,99p,spann,10,0.73981308411215,12.340149626168227,1,0.0,-5.0,1.0,linear,"{""max_check"": 8192, ""overfetch_factor"": 500.0, ""search_internal_result_num"": 0}"
sl,wit,99p,spann,11,0.7418691588785046,21.057140186915888,0,0.0,0.0,1.0,linear,"{""max_check"": 32768, ""overfetch_factor"": 1000.0, ""search_internal_result_num"": 0}"
sl,wit,99p,spann,12,0.7450467289719627,15.120620691588785,0,0.0,0.0,1.0,linear,"{""max_check"": 32768, ""overfetch_factor"": 500.0, ""search_internal_result_num"": 0}"
sl,wit,99p,spann,13,0.769158878504673,14.039840112149532,1,0.0,0.0,1.0,linear,"{""max_check"": 8192, ""overfetch_factor"": 500.0, ""search_internal_result_num"": 100}"
sl,wit,99p,spann,14,0.810841121495327,15.974774392523365,1,0.0,5.0,1.0,linear,"{""max_check"": 16384, ""overfetch_factor"": 500.0, ""search_internal_result_num"": 200}"
sl,wit,99p,spann,15,0.863738317757009,30.569412897196262,1,0.0,0.0,1.0,linear,"{""max_check"": 32768, ""overfetch_factor"": 1000.0, ""search_internal_result_num"": 500}"
sl,wit,99p,spann,16,0.8889719626168224,62.82243121495326,0,0.0,0.0,1.0,linear,"{""max_check"": 32768, ""overfetch_factor"": 2000.0, ""search_internal_result_num"": 1000}"
sl,wit,99p,spann,17,0.905981308411215,58.63829102803739,1,0.0,0.0,1.0,linear,"{""max_check"": 65536, ""overfetch_factor"": 2000.0, ""search_internal_result_num"": 1000}"
sl,wit,99p,spann,18,0.917757009345795,75.27304841121496,1,0.0,0.0,1.0,linear,"{""max_check"": 32768, ""overfetch_factor"": 2000.0, ""search_internal_result_num"": 2000}"
sl,wit,99p,spann,19,0.9220560747663552,88.36187009345794,0,0.0,0.0,1.0,linear,"{""max_check"": 65536, ""overfetch_factor"": 2000.0, ""search_internal_result_num"": 2000}"
sl,wit,99p,spann,20,0.9244859813084113,123.52023383177567,0,0.0,0.0,1.0,linear,"{""max_check"": 65536, ""overfetch_factor"": 5000.0, ""search_internal_result_num"": 2000}"
sl,wit,99p,spann,21,0.943551401869159,164.32557476635512,1,0.0,0.0,1.0,linear,"{""max_check"": 65536, ""overfetch_factor"": 2000.0, ""search_internal_result_num"": 5000}"
sl,yfcc100m,1p,curator,0,0.5,0.37914500000000007,0,0.0,0.0,1.0,linear,"{""pq_M"": 12, ""search_ef"": 7}"
sl,yfcc100m,1p,curator,1,0.55,0.097945,1,0.0,0.0,1.0,linear,"{""pq_M"": 12, ""search_ef"": 8}"
sl,yfcc100m,1p,curator,2,0.6,0.085923,0,0.0,0.0,1.0,linear,"{""pq_M"": 12, ""search_ef"": 9}"
sl,yfcc100m,1p,curator,3,0.6,0.0963675,0,0.0,0.0,1.0,linear,"{""pq_M"": 12, ""search_ef"": 10}"
sl,yfcc100m,1p,curator,4,0.65,0.1287545,1,0.0,0.0,1.0,linear,"{""pq_M"": 12, ""search_ef"": 11}"
sl,yfcc100m,1p,curator,5,0.65,0.37914500000000007,0,0.0,0.0,1.0,linear,"{""pq_M"": 12, ""search_ef"": 12}"
sl,yfcc100m,1p,curator,6,0.7,0.116369,0,0.0,0.0,1.0,linear,"{""pq_M"": 12, ""search_ef"": 13}"
sl,yfcc100m,1p,curator,7,0.7,0.37914500000000007,1,0.0,-0.17,1.0,linear,"{""pq_M"": 12, ""search_ef"": 14}"
sl,yfcc100m,1p,curator,8,0.75,0.111826,0,0.0,0.0,1.0,linear,"{""pq_M"": 12, ""search_ef"": 15}"
sl,yfcc100m,1p,curator,9,0.75,0.839126,0,0.0,0.0,1.0,linear,"{""pq_M"": 48, ""search_ef"": 8}"
sl,yfcc100m,1p,curator,10,0.8,0.37914500000000007,1,0.0,-0.1,1.0,linear,"{""pq_M"": 12, ""search_ef"": 16}"
sl,yfcc100m,1p,curator,11,0.85,0.12977850000000002,0,0.0,0.0,1.0,linear,"{""pq_M"": 12, ""search_ef"": 24}"
sl,yfcc100m,1p,curator,12,0.85,0.1561215,0,0.0,0.0,1.0,linear,"{""pq_M"": 12, ""search_ef"": 18}"
sl,yfcc100m,1p,curator,13,0.85,0.156164,0,0.0,0.0,1.0,linear,"{""pq_M"": 12, ""search_ef"": 22}"
sl,yfcc100m,1p,curator,14,0.85,0.167127,0,0.0,0.0,1.0,linear,"{""pq_M"": 12, ""search_ef"": 20}"
sl,yfcc100m,1p,curator,15,0.85,0.171133,0,0.0,0.0,1.0,linear,"{""pq_M"": 12, ""search_ef"": 28}"
sl,yfcc100m,1p,curator,16,0.9,0.160956,0,0.0,0.0,1.0,linear,"{""pq_M"": 12, ""search_ef"": 32}"
sl,yfcc100m,1p,curator,17,0.9,0.16594,0,0.0,0.0,1.0,linear,"{""pq_M"": 48, ""search_ef"": 12}"
sl,yfcc100m,1p,curator,18,0.9,0.19502350000000002,0,0.0,0.0,1.0,linear,"{""pq_M"": 12, ""search_ef"": 40}"
sl,yfcc100m,1p,curator,19,0.9,0.224717,0,0.0,0.0,1.0,linear,"{""pq_M"": 12, ""search_ef"": 56}"
sl,yfcc100m,1p,curator,20,0.9,0.22597,0,0.0,0.0,1.0,linear,"{""pq_M"": 12, ""search_ef"": 64}"
sl,yfcc100m,1p,curator,21,0.9,0.24502449999999998,0,0.0,0.0,1.0,linear,"{""pq_M"": 12, ""search_ef"": 48}"
sl,yfcc100m,1p,curator,22,0.9,0.2613725,0,0.0,0.0,1.0,linear,"{""pq_M"": 12, ""search_ef"": 128}"
sl,yfcc100m,1p,curator,23,0.9,0.2809485,0,0.0,0.0,1.0,linear,"{""pq_M"": 12, ""search_ef"": 192}"
sl,yfcc100m,1p,curator,24,0.9,0.2853025,0,0.0,0.0,1.0,linear,"{""pq_M"": 12, ""search_ef"": 256}"
sl,yfcc100m,1p,curator,25,0.9,0.30735899999999994,0,0.0,0.0,1.0,linear,"{""pq_M"": 12, ""search_ef"": 80}"
sl,yfcc100m,1p,curator,26,0.9,0.3420765,1,0.0,0.0,1.0,linear,"{""pq_M"": 12, ""search_ef"": 512}"
sl,yfcc100m,1p,curator,27,0.9,0.39345600000000003,0,0.0,0.0,1.0,linear,"{""pq_M"": 12, ""search_ef"": 384}"
sl,yfcc100m,1p,curator,28,0.9,0.405376,0,0.0,0.0,1.0,linear,"{""pq_M"": 12, ""search_ef"": 768}"
sl,yfcc100m,1p,curator,29,0.9,0.40797,0,0.0,0.0,1.0,linear,"{""pq_M"": 12, ""search_ef"": 96}"
sl,yfcc100m,1p,curator,30,0.9,0.43116399999999994,0,0.0,0.0,1.0,linear,"{""pq_M"": 12, ""search_ef"": 1536}"
sl,yfcc100m,1p,curator,31,0.9,0.4321405,0,0.0,0.0,1.0,linear,"{""pq_M"": 12, ""search_ef"": 2048}"
sl,yfcc100m,1p,curator,32,0.9,0.46914999999999996,0,0.0,0.0,1.0,linear,"{""pq_M"": 12, ""search_ef"": 4096}"
sl,yfcc100m,1p,curator,33,0.9,0.49139000000000005,0,0.0,0.0,1.0,linear,"{""pq_M"": 12, ""search_ef"": 1024}"
sl,yfcc100m,1p,curator,34,0.9,0.496042,0,0.0,0.0,1.0,linear,"{""pq_M"": 12, ""search_ef"": 3072}"
sl,yfcc100m,1p,curator,35,0.9,0.591053,0,0.0,0.0,1.0,linear,"{""pq_M"": 12, ""search_ef"": 8192}"
sl,yfcc100m,1p,curator,36,0.95,0.14051049999999998,0,0.0,0.0,1.0,linear,"{""pq_M"": 48, ""search_ef"": 16}"
sl,yfcc100m,1p,curator,37,1.0,0.15969450000000002,0,0.0,0.0,1.0,linear,"{""pq_M"": 48, ""search_ef"": 24}"
sl,yfcc100m,1p,curator,38,1.0,0.19141599999999995,0,0.0,0.0,1.0,linear,"{""pq_M"": 48, ""search_ef"": 32}"
sl,yfcc100m,1p,curator,39,1.0,0.2524085,0,0.0,0.0,1.0,linear,"{""pq_M"": 48, ""search_ef"": 48}"
sl,yfcc100m,1p,curator,40,1.0,0.2823995,0,0.0,0.0,1.0,linear,"{""pq_M"": 48, ""search_ef"": 96}"
sl,yfcc100m,1p,curator,41,1.0,0.3047275,0,0.0,0.0,1.0,linear,"{""pq_M"": 48, ""search_ef"": 192}"
sl,yfcc100m,1p,curator,42,1.0,0.3420355,0,0.0,0.0,1.0,linear,"{""pq_M"": 48, ""search_ef"": 384}"
sl,yfcc100m,1p,curator,43,1.0,0.3626115,0,0.0,0.0,1.0,linear,"{""pq_M"": 48, ""search_ef"": 256}"
sl,yfcc100m,1p,curator,44,1.0,0.3799219999999999,0,0.0,0.0,1.0,linear,"{""pq_M"": 48, ""search_ef"": 128}"
sl,yfcc100m,1p,curator,45,1.0,0.49290899999999993,0,0.0,0.0,1.0,linear,"{""pq_M"": 48, ""search_ef"": 1024}"
sl,yfcc100m,1p,curator,46,1.0,0.523974,0,0.0,0.0,1.0,linear,"{""pq_M"": 48, ""search_ef"": 64}"
sl,yfcc100m,1p,curator,47,1.0,0.591053,0,0.0,0.0,1.0,linear,"{""pq_M"": 48, ""search_ef"": 2048}"
sl,yfcc100m,1p,curator,48,1.0,0.6028055,1,0.0,0.0,1.0,linear,"{""pq_M"": 48, ""search_ef"": 512}"
sl,yfcc100m,1p,curator,49,1.0,0.6079285000000001,0,0.0,0.0,1.0,linear,"{""pq_M"": 48, ""search_ef"": 4096}"
sl,yfcc100m,1p,curator,50,1.0,0.647097,0,0.0,0.0,1.0,linear,"{""pq_M"": 48, ""search_ef"": 16384}"
sl,yfcc100m,1p,curator,51,1.0,0.697935,0,0.0,0.0,1.0,linear,"{""pq_M"": 48, ""search_ef"": 8192}"
sl,yfcc100m,1p,curator,52,1.0,0.756982,0,0.0,0.0,1.0,linear,"{""pq_M"": 48, ""search_ef"": 768}"
sl,yfcc100m,1p,diskivf,0,0.65,6.12809,1,0.0,0.0,1.0,linear,"{""nlist"": 894, ""nprobe"": 11}"
sl,yfcc100m,1p,diskivf,1,0.65,7.13165,0,0.0,0.0,1.0,linear,"{""nlist"": 894, ""nprobe"": 12}"
sl,yfcc100m,1p,diskivf,2,0.65,14.456800000000001,0,0.0,0.0,1.0,linear,"{""nlist"": 894, ""nprobe"": 10}"
sl,yfcc100m,1p,diskivf,3,0.75,5.6006599999999995,0,0.0,0.0,1.0,linear,"{""nlist"": 894, ""nprobe"": 15}"
sl,yfcc100m,1p,diskivf,4,0.75,6.620655000000001,1,0.0,0.0,1.0,linear,"{""nlist"": 894, ""nprobe"": 13}"
sl,yfcc100m,1p,diskivf,5,0.75,14.2827,0,0.0,0.0,1.0,linear,"{""nlist"": 894, ""nprobe"": 14}"
sl,yfcc100m,1p,diskivf,6,0.8,7.139284999999999,0,0.0,0.0,1.0,linear,"{""nlist"": 894, ""nprobe"": 19}"
sl,yfcc100m,1p,diskivf,7,0.8,7.900244999999999,1,0.0,0.0,1.0,linear,"{""nlist"": 894, ""nprobe"": 16}"
sl,yfcc100m,1p,diskivf,8,0.8,8.991855,0,0.0,0.0,1.0,linear,"{""nlist"": 894, ""nprobe"": 20}"
sl,yfcc100m,1p,diskivf,9,0.8,10.48553,0,0.0,0.0,1.0,linear,"{""nlist"": 894, ""nprobe"": 21}"
sl,yfcc100m,1p,diskivf,10,0.8,10.689185,0,0.0,0.0,1.0,linear,"{""nlist"": 894, ""nprobe"": 18}"
sl,yfcc100m,1p,diskivf,11,0.8,12.194400000000002,0,0.0,0.0,1.0,linear,"{""nlist"": 894, ""nprobe"": 17}"
sl,yfcc100m,1p,diskivf,12,0.8,18.821849999999998,0,0.0,0.0,1.0,linear,"{""nlist"": 894, ""nprobe"": 22}"
sl,yfcc100m,1p,diskivf,13,0.9,5.99301,0,0.0,0.0,1.0,linear,"{""nlist"": 894, ""nprobe"": 23}"
sl,yfcc100m,1p,diskivf,14,0.9,8.47899,0,0.0,0.0,1.0,linear,"{""nlist"": 894, ""nprobe"": 25}"
sl,yfcc100m,1p,diskivf,15,0.9,10.61829,1,0.0,0.0,1.0,linear,"{""nlist"": 894, ""nprobe"": 24}"
sl,yfcc100m,1p,diskivf,16,0.95,6.308630000000001,0,0.0,0.0,1.0,linear,"{""nlist"": 894, ""nprobe"": 27}"
sl,yfcc100m,1p,diskivf,17,0.95,7.18016,0,0.0,0.0,1.0,linear,"{""nlist"": 894, ""nprobe"": 33}"
sl,yfcc100m,1p,diskivf,18,0.95,8.486815,0,0.0,0.0,1.0,linear,"{""nlist"": 894, ""nprobe"": 28}"
sl,yfcc100m,1p,diskivf,19,0.95,9.157979999999998,0,0.0,0.0,1.0,linear,"{""nlist"": 894, ""nprobe"": 37}"
sl,yfcc100m,1p,diskivf,20,0.95,9.451265,0,0.0,0.0,1.0,linear,"{""nlist"": 894, ""nprobe"": 29}"
sl,yfcc100m,1p,diskivf,21,0.95,9.538720000000001,0,0.0,0.0,1.0,linear,"{""nlist"": 894, ""nprobe"": 39}"
sl,yfcc100m,1p,diskivf,22,0.95,9.716774999999998,0,0.0,0.0,1.0,linear,"{""nlist"": 894, ""nprobe"": 26}"
sl,yfcc100m,1p,diskivf,23,0.95,10.081815,0,0.0,0.0,1.0,linear,"{""nlist"": 894, ""nprobe"": 31}"
sl,yfcc100m,1p,diskivf,24,0.95,10.486145,0,0.0,0.0,1.0,linear,"{""nlist"": 894, ""nprobe"": 35}"
sl,yfcc100m,1p,diskivf,25,0.95,11.186975,0,0.0,0.0,1.0,linear,"{""nlist"": 894, ""nprobe"": 38}"
sl,yfcc100m,1p,diskivf,26,0.95,12.107050000000001,0,0.0,0.0,1.0,linear,"{""nlist"": 894, ""nprobe"": 34}"
sl,yfcc100m,1p,diskivf,27,0.95,12.601265000000001,0,0.0,0.0,1.0,linear,"{""nlist"": 894, ""nprobe"": 32}"
sl,yfcc100m,1p,diskivf,28,0.95,14.444449999999998,0,0.0,0.0,1.0,linear,"{""nlist"": 894, ""nprobe"": 30}"
sl,yfcc100m,1p,diskivf,29,0.95,17.065399999999997,1,0.0,0.0,1.0,linear,"{""nlist"": 894, ""nprobe"": 36}"
sl,yfcc100m,1p,diskivf,30,0.95,20.639049999999997,0,0.0,0.0,1.0,linear,"{""nlist"": 894, ""nprobe"": 40}"
sl,yfcc100m,1p,diskivf,31,1.0,17.9195,0,0.0,0.0,1.0,linear,"{""nlist"": 894, ""nprobe"": 44}"
sl,yfcc100m,1p,diskivf,32,1.0,20.639049999999997,0,0.0,0.0,1.0,linear,"{""nlist"": 894, ""nprobe"": 48}"
sl,yfcc100m,1p,diskivf,33,1.0,23.72935,0,0.0,0.0,1.0,linear,"{""nlist"": 894, ""nprobe"": 56}"
sl,yfcc100m,1p,diskivf,34,1.0,25.0058,0,0.0,0.0,1.0,linear,"{""nlist"": 894, ""nprobe"": 72}"
sl,yfcc100m,1p,diskivf,35,1.0,25.470799999999997,1,0.0,0.0,1.0,linear,"{""nlist"": 894, ""nprobe"": 64}"
sl,yfcc100m,1p,diskivf,36,1.0,36.57899999999999,0,0.0,0.0,1.0,linear,"{""nlist"": 894, ""nprobe"": 96}"
sl,yfcc100m,1p,diskivf,37,1.0,37.886799999999994,0,0.0,0.0,1.0,linear,"{""nlist"": 894, ""nprobe"": 80}"
sl,yfcc100m,1p,diskivf,38,1.0,43.240700000000004,0,0.0,0.0,1.0,linear,"{""nlist"": 894, ""nprobe"": 88}"
sl,yfcc100m,1p,diskivf,39,1.0,47.78935,0,0.0,0.0,1.0,linear,"{""nlist"": 894, ""nprobe"": 128}"
sl,yfcc100m,1p,diskivf,40,1.0,48.3425,0,0.0,0.0,1.0,linear,"{""nlist"": 894, ""nprobe"": 112}"
sl,yfcc100m,1p,prefilter,0,1.0,0.2584515,1,0.0,0.0,1.0,linear,{}
sl,yfcc100m,1p,spann,0,0.5,5.263669999999999,1,0.0,2.0,1.0,linear,"{""max_check"": 8192, ""overfetch_factor"": 250.0, ""search_internal_result_num"": 0}"
sl,yfcc100m,1p,spann,1,0.55,8.840155000000001,1,0.0,0.0,1.0,linear,"{""max_check"": 8192, ""overfetch_factor"": 500.0, ""search_internal_result_num"": 0}"
sl,yfcc100m,1p,spann,2,0.55,17.28265,0,0.0,0.0,1.0,linear,"{""max_check"": 32768, ""overfetch_factor"": 1000.0, ""search_internal_result_num"": 0}"
sl,yfcc100m,1p,spann,3,0.55,31.86985,0,0.0,0.0,1.0,linear,"{""max_check"": 32768, ""overfetch_factor"": 2000.0, ""search_internal_result_num"": 0}"
sl,yfcc100m,1p,spann,4,0.6,9.825945,1,0.0,0.0,1.0,linear,"{""max_check"": 8192, ""overfetch_factor"": 500.0, ""search_internal_result_num"": 100}"
sl,yfcc100m,1p,spann,5,0.75,12.06635,1,0.0,0.0,1.0,linear,"{""max_check"": 16384, ""overfetch_factor"": 500.0, ""search_internal_result_num"": 200}"
sl,yfcc100m,1p,spann,6,0.9,26.5805,1,0.0,0.0,1.0,linear,"{""max_check"": 32768, ""overfetch_factor"": 1000.0, ""search_internal_result_num"": 500}"
sl,yfcc100m,1p,spann,7,1.0,47.918099999999995,1,0.0,0.0,1.0,linear,"{""max_check"": 32768, ""overfetch_factor"": 2000.0, ""search_internal_result_num"": 1000}"
sl,yfcc100m,1p,spann,8,1.0,120.58650000000002,0,0.0,0.0,1.0,linear,"{""max_check"": 65536, ""overfetch_factor"": 5000.0, ""search_internal_result_num"": 2000}"
sl,yfcc100m,25p,curator,0,0.5055555555555554,0.1295196666666667,1,0.0,0.0,1.0,linear,"{""pq_M"": 12, ""search_ef"": 20}"
sl,yfcc100m,25p,curator,1,0.5333333333333332,0.11859305555555555,0,0.0,0.0,1.0,linear,"{""pq_M"": 12, ""search_ef"": 22}"
sl,yfcc100m,25p,curator,2,0.5611111111111111,0.2582945555555555,0,0.0,0.0,1.0,linear,"{""pq_M"": 48, ""search_ef"": 8}"
sl,yfcc100m,25p,curator,3,0.5722222222222222,0.13341777777777777,1,0.0,0.0,1.0,linear,"{""pq_M"": 12, ""search_ef"": 24}"
sl,yfcc100m,25p,curator,4,0.6222222222222222,0.14099761111111112,1,0.0,0.0,1.0,linear,"{""pq_M"": 12, ""search_ef"": 28}"
sl,yfcc100m,25p,curator,5,0.6555555555555556,0.12817705555555556,0,0.0,0.0,1.0,linear,"{""pq_M"": 12, ""search_ef"": 32}"
sl,yfcc100m,25p,curator,6,0.6944444444444444,0.14851655555555557,0,0.0,0.0,1.0,linear,"{""pq_M"": 12, ""search_ef"": 40}"
sl,yfcc100m,25p,curator,7,0.6944444444444444,0.15659361111111111,0,0.0,0.0,1.0,linear,"{""pq_M"": 12, ""search_ef"": 48}"
sl,yfcc100m,25p,curator,8,0.7000000000000001,0.11850205555555555,0,0.0,0.0,1.0,linear,"{""pq_M"": 48, ""search_ef"": 12}"
sl,yfcc100m,25p,curator,9,0.7000000000000001,0.14468244444444442,0,0.0,0.0,1.0,linear,"{""pq_M"": 12, ""search_ef"": 56}"
sl,yfcc100m,25p,curator,10,0.7000000000000001,0.15155261111111112,1,0.0,0.0,1.0,linear,"{""pq_M"": 12, ""search_ef"": 64}"
sl,yfcc100m,25p,curator,11,0.7166666666666668,0.17268277777777777,0,0.0,0.0,1.0,linear,"{""pq_M"": 12, ""search_ef"": 80}"
sl,yfcc100m,25p,curator,12,0.7333333333333334,0.17784177777777777,0,0.0,0.0,1.0,linear,"{""pq_M"": 12, ""search_ef"": 96}"
sl,yfcc100m,25p,curator,13,0.7388888888888889,0.18081066666666665,0,0.0,0.0,1.0,linear,"{""pq_M"": 12, ""search_ef"": 128}"
sl,yfcc100m,25p,curator,14,0.7611111111111112,0.14061633333333334,0,0.0,0.0,1.0,linear,"{""pq_M"": 48, ""search_ef"": 16}"
sl,yfcc100m,25p,curator,15,0.7611111111111112,0.26613272222222223,0,0.0,0.0,1.0,linear,"{""pq_M"": 12, ""search_ef"": 256}"
sl,yfcc100m,25p,curator,16,0.7666666666666666,0.21803383333333332,0,0.0,0.0,1.0,linear,"{""pq_M"": 12, ""search_ef"": 192}"
sl,yfcc100m,25p,curator,17,0.7722222222222223,0.30436855555555553,0,0.0,0.0,1.0,linear,"{""pq_M"": 12, ""search_ef"": 384}"
sl,yfcc100m,25p,curator,18,0.7722222222222224,0.16996477777777777,0,0.0,0.0,1.0,linear,"{""pq_M"": 48, ""search_ef"": 24}"
sl,yfcc100m,25p,curator,19,0.7888888888888889,0.4000443888888889,0,0.0,0.0,1.0,linear,"{""pq_M"": 12, ""search_ef"": 512}"
sl,yfcc100m,25p,curator,20,0.7888888888888889,0.481098111111111,0,0.0,0.0,1.0,linear,"{""pq_M"": 12, ""search_ef"": 768}"
sl,yfcc100m,25p,curator,21,0.7888888888888889,0.7346558888888889,0,0.0,0.0,1.0,linear,"{""pq_M"": 12, ""search_ef"": 1536}"
sl,yfcc100m,25p,curator,22,0.7888888888888889,0.9803561666666667,0,0.0,0.0,1.0,linear,"{""pq_M"": 12, ""search_ef"": 2048}"
sl,yfcc100m,25p,curator,23,0.7888888888888889,1.3317079444444448,0,0.0,0.0,1.0,linear,"{""pq_M"": 12, ""search_ef"": 3072}"
sl,yfcc100m,25p,curator,24,0.7888888888888889,1.7129811111111113,0,0.0,0.0,1.0,linear,"{""pq_M"": 12, ""search_ef"": 4096}"
sl,yfcc100m,25p,curator,25,0.7888888888888889,2.2163311111111113,0,0.0,0.0,1.0,linear,"{""pq_M"": 12, ""search_ef"": 8192}"
sl,yfcc100m,25p,curator,26,0.7944444444444444,0.5280792222222221,0,0.0,0.0,1.0,linear,"{""pq_M"": 12, ""search_ef"": 1024}"
sl,yfcc100m,25p,curator,27,0.7944444444444445,0.18631883333333332,1,0.0,0.0,1.0,linear,"{""pq_M"": 48, ""search_ef"": 32}"
sl,yfcc100m,25p,curator,28,0.8055555555555556,0.17409716666666666,0,0.0,0.0,1.0,linear,"{""pq_M"": 48, ""search_ef"": 48}"
sl,yfcc100m,25p,curator,29,0.8333333333333334,0.21925877777777775,0,0.0,0.0,1.0,linear,"{""pq_M"": 48, ""search_ef"": 64}"
sl,yfcc100m,25p,curator,30,0.8555555555555555,0.20368766666666666,0,0.0,0.0,1.0,linear,"{""pq_M"": 48, ""search_ef"": 96}"
sl,yfcc100m,25p,curator,31,0.8999999999999999,0.2533877222222223,1,0.0,0.0,1.0,linear,"{""pq_M"": 48, ""search_ef"": 128}"
sl,yfcc100m,25p,curator,32,0.9444444444444444,0.2810519444444444,0,0.0,0.0,1.0,linear,"{""pq_M"": 48, ""search_ef"": 192}"
sl,yfcc100m,25p,curator,33,0.9444444444444444,0.2966555,1,0.0,0.0,1.0,linear,"{""pq_M"": 48, ""search_ef"": 256}"
sl,yfcc100m,25p,curator,34,0.9722222222222222,0.39146211111111107,0,0.0,0.0,1.0,linear,"{""pq_M"": 48, ""search_ef"": 384}"
sl,yfcc100m,25p,curator,35,0.9722222222222222,0.5259451666666666,0,0.0,0.0,1.0,linear,"{""pq_M"": 48, ""search_ef"": 512}"
sl,yfcc100m,25p,curator,36,0.9777777777777779,0.5814266666666666,0,0.0,0.0,1.0,linear,"{""pq_M"": 48, ""search_ef"": 768}"
sl,yfcc100m,25p,curator,37,0.9833333333333333,0.5950522777777779,1,0.0,0.0,1.0,linear,"{""pq_M"": 48, ""search_ef"": 1024}"
sl,yfcc100m,25p,curator,38,0.9944444444444444,1.2208853333333334,1,0.0,0.0,1.0,linear,"{""pq_M"": 48, ""search_ef"": 2048}"
sl,yfcc100m,25p,curator,39,0.9944444444444444,2.160328333333333,0,0.0,0.0,1.0,linear,"{""pq_M"": 48, ""search_ef"": 4096}"
sl,yfcc100m,25p,curator,40,0.9944444444444444,2.6053494444444447,0,0.0,0.0,1.0,linear,"{""pq_M"": 48, ""search_ef"": 16384}"
sl,yfcc100m,25p,curator,41,0.9944444444444444,2.9542083333333333,0,0.0,0.0,1.0,linear,"{""pq_M"": 48, ""search_ef"": 8192}"
sl,yfcc100m,25p,diskivf,0,0.5111111111111111,1.4613445,1,0.0,0.0,1.0,linear,"{""nlist"": 894, ""nprobe"": 3}"
sl,yfcc100m,25p,diskivf,1,0.5555555555555556,1.7505379999999997,1,0.0,0.0,1.0,linear,"{""nlist"": 894, ""nprobe"": 4}"
sl,yfcc100m,25p,diskivf,2,0.6222222222222222,3.0295213333333333,1,0.0,0.0,1.0,linear,"{""nlist"": 894, ""nprobe"": 5}"
sl,yfcc100m,25p,diskivf,3,0.6555555555555556,1.9177299444444447,0,0.0,0.0,1.0,linear,"{""nlist"": 894, ""nprobe"": 6}"
sl,yfcc100m,25p,diskivf,4,0.6777777777777777,3.608059444444445,0,0.0,0.0,1.0,linear,"{""nlist"": 894, ""nprobe"": 7}"
sl,yfcc100m,25p,diskivf,5,0.7111111111111111,4.373086111111111,1,0.0,0.0,1.0,linear,"{""nlist"": 894, ""nprobe"": 8}"
sl,yfcc100m,25p,diskivf,6,0.7277777777777779,18.29311555555556,0,0.0,0.0,1.0,linear,"{""nlist"": 894, ""nprobe"": 9}"
sl,yfcc100m,25p,diskivf,7,0.7388888888888889,5.781878888888889,0,0.0,0.0,1.0,linear,"{""nlist"": 894, ""nprobe"": 10}"
sl,yfcc100m,25p,diskivf,8,0.7555555555555556,4.461453888888888,0,0.0,0.0,1.0,linear,"{""nlist"": 894, ""nprobe"": 11}"
sl,yfcc100m,25p,diskivf,9,0.7611111111111112,4.9356333333333335,0,0.0,0.0,1.0,linear,"{""nlist"": 894, ""nprobe"": 12}"
sl,yfcc100m,25p,diskivf,10,0.7666666666666668,4.309428888888889,0,0.0,0.0,1.0,linear,"{""nlist"": 894, ""nprobe"": 13}"
sl,yfcc100m,25p,diskivf,11,0.7722222222222223,6.516012777777778,1,0.0,0.0,1.0,linear,"{""nlist"": 894, ""nprobe"": 14}"
sl,yfcc100m,25p,diskivf,12,0.7944444444444445,4.616145555555556,0,0.0,0.0,1.0,linear,"{""nlist"": 894, ""nprobe"": 15}"
sl,yfcc100m,25p,diskivf,13,0.8111111111111111,6.779737777777778,0,0.0,0.0,1.0,linear,"{""nlist"": 894, ""nprobe"": 16}"
sl,yfcc100m,25p,diskivf,14,0.8166666666666667,6.23699,0,0.0,0.0,1.0,linear,"{""nlist"": 894, ""nprobe"": 17}"
sl,yfcc100m,25p,diskivf,15,0.8166666666666667,7.896066111111113,0,0.0,0.0,1.0,linear,"{""nlist"": 894, ""nprobe"": 18}"
sl,yfcc100m,25p,diskivf,16,0.8222222222222222,5.642648333333334,0,0.0,0.0,1.0,linear,"{""nlist"": 894, ""nprobe"": 19}"
sl,yfcc100m,25p,diskivf,17,0.8388888888888889,7.728700000000001,0,0.0,0.0,1.0,linear,"{""nlist"": 894, ""nprobe"": 20}"
sl,yfcc100m,25p,diskivf,18,0.8444444444444444,6.4424238888888885,0,0.0,0.0,1.0,linear,"{""nlist"": 894, ""nprobe"": 23}"
sl,yfcc100m,25p,diskivf,19,0.8444444444444444,7.828726111111111,0,0.0,0.0,1.0,linear,"{""nlist"": 894, ""nprobe"": 22}"
sl,yfcc100m,25p,diskivf,20,0.8444444444444444,13.80253722222222,0,0.0,0.0,1.0,linear,"{""nlist"": 894, ""nprobe"": 21}"
sl,yfcc100m,25p,diskivf,21,0.8555555555555555,6.704650555555556,0,0.0,0.0,1.0,linear,"{""nlist"": 894, ""nprobe"": 25}"
sl,yfcc100m,25p,diskivf,22,0.8555555555555555,8.797254444444446,0,0.0,0.0,1.0,linear,"{""nlist"": 894, ""nprobe"": 24}"
sl,yfcc100m,25p,diskivf,23,0.8555555555555555,9.084660000000001,0,0.0,0.0,1.0,linear,"{""nlist"": 894, ""nprobe"": 26}"
sl,yfcc100m,25p,diskivf,24,0.8555555555555555,10.264237777777778,1,0.0,0.0,1.0,linear,"{""nlist"": 894, ""nprobe"": 27}"
sl,yfcc100m,25p,diskivf,25,0.8611111111111112,8.329838333333335,0,0.0,0.0,1.0,linear,"{""nlist"": 894, ""nprobe"": 29}"
sl,yfcc100m,25p,diskivf,26,0.8611111111111112,9.387813333333334,0,0.0,0.0,1.0,linear,"{""nlist"": 894, ""nprobe"": 31}"
sl,yfcc100m,25p,diskivf,27,0.8611111111111112,10.849807222222221,0,0.0,0.0,1.0,linear,"{""nlist"": 894, ""nprobe"": 28}"
sl,yfcc100m,25p,diskivf,28,0.8611111111111112,11.703128888888891,0,0.0,0.0,1.0,linear,"{""nlist"": 894, ""nprobe"": 30}"
sl,yfcc100m,25p,diskivf,29,0.8722222222222222,11.841886666666667,0,0.0,0.0,1.0,linear,"{""nlist"": 894, ""nprobe"": 32}"
sl,yfcc100m,25p,diskivf,30,0.8777777777777778,9.376344999999999,0,0.0,0.0,1.0,linear,"{""nlist"": 894, ""nprobe"": 33}"
sl,yfcc100m,25p,diskivf,31,0.8833333333333333,10.740585000000001,0,0.0,0.0,1.0,linear,"{""nlist"": 894, ""nprobe"": 34}"
sl,yfcc100m,25p,diskivf,32,0.8833333333333333,11.380985555555556,0,0.0,0.0,1.0,linear,"{""nlist"": 894, ""nprobe"": 35}"
sl,yfcc100m,25p,diskivf,33,0.8888888888888888,10.470469999999999,0,0.0,0.0,1.0,linear,"{""nlist"": 894, ""nprobe"": 37}"
sl,yfcc100m,25p,diskivf,34,0.8888888888888888,11.39038888888889,0,0.0,0.0,1.0,linear,"{""nlist"": 894, ""nprobe"": 38}"
sl,yfcc100m,25p,diskivf,35,0.8888888888888888,15.76618888888889,0,0.0,0.0,1.0,linear,"{""nlist"": 894, ""nprobe"": 36}"
sl,yfcc100m,25p,diskivf,36,0.8944444444444445,11.516857222222221,0,0.0,0.0,1.0,linear,"{""nlist"": 894, ""nprobe"": 39}"
sl,yfcc100m,25p,diskivf,37,0.8944444444444445,20.53956666666667,0,0.0,0.0,1.0,linear,"{""nlist"": 894, ""nprobe"": 40}"
sl,yfcc100m,25p,diskivf,38,0.8944444444444445,23.75721111111111,0,0.0,0.0,1.0,linear,"{""nlist"": 894, ""nprobe"": 44}"
sl,yfcc100m,25p,diskivf,39,0.911111111111111,23.471433333333334,0,0.0,0.0,1.0,linear,"{""nlist"": 894, ""nprobe"": 56}"
sl,yfcc100m,25p,diskivf,40,0.911111111111111,23.532605555555556,1,0.0,0.0,1.0,linear,"{""nlist"": 894, ""nprobe"": 48}"
sl,yfcc100m,25p,diskivf,41,0.9222222222222223,47.48743888888889,0,0.0,0.0,1.0,linear,"{""nlist"": 894, ""nprobe"": 64}"
sl,yfcc100m,25p,diskivf,42,0.9333333333333333,31.00922777777778,0,0.0,0.0,1.0,linear,"{""nlist"": 894, ""nprobe"": 72}"
sl,yfcc100m,25p,diskivf,43,0.9388888888888888,46.965605555555555,0,0.0,0.0,1.0,linear,"{""nlist"": 894, ""nprobe"": 80}"
sl,yfcc100m,25p,diskivf,44,0.9722222222222222,53.14241111111111,0,0.0,0.0,1.0,linear,"{""nlist"": 894, ""nprobe"": 88}"
sl,yfcc100m,25p,diskivf,45,0.9777777777777779,42.92585,1,0.0,0.0,1.0,linear,"{""nlist"": 894, ""nprobe"": 96}"
sl,yfcc100m,25p,diskivf,46,0.9777777777777779,52.33006666666666,0,0.0,0.0,1.0,linear,"{""nlist"": 894, ""nprobe"": 112}"
sl,yfcc100m,25p,diskivf,47,0.9888888888888889,62.29227222222223,1,0.0,0.0,1.0,linear,"{""nlist"": 894, ""nprobe"": 128}"
sl,yfcc100m,25p,prefilter,0,1.0,0.8313812222222222,1,0.0,0.0,1.0,linear,{}
sl,yfcc100m,25p,spann,0,0.5,2.7486477777777774,1,0.0,0.0,1.0,linear,"{""max_check"": 8192, ""overfetch_factor"": 20.0, ""search_internal_result_num"": 0}"
sl,yfcc100m,25p,spann,1,0.5333333333333334,2.3144683333333336,0,0.0,0.0,1.0,linear,"{""max_check"": 4096, ""overfetch_factor"": 25.0, ""search_internal_result_num"": 0}"
sl,yfcc100m,25p,spann,2,0.5333333333333334,2.8095372222222226,0,0.0,0.0,1.0,linear,"{""max_check"": 8192, ""overfetch_factor"": 25.0, ""search_internal_result_num"": 0}"
sl,yfcc100m,25p,spann,3,0.5444444444444445,3.1518916666666663,1,0.0,0.0,1.0,linear,"{""max_check"": 8192, ""overfetch_factor"": 30.0, ""search_internal_result_num"": 0}"
sl,yfcc100m,25p,spann,4,0.5833333333333334,3.105422222222222,0,0.0,0.0,1.0,linear,"{""max_check"": 8192, ""overfetch_factor"": 40.0, ""search_internal_result_num"": 0}"
sl,yfcc100m,25p,spann,5,0.6333333333333333,2.8485511111111115,0,0.0,0.0,1.0,linear,"{""max_check"": 8192, ""overfetch_factor"": 50.0, ""search_internal_result_num"": 0}"
sl,yfcc100m,25p,spann,6,0.6888888888888889,4.093752777777778,1,0.0,0.0,1.0,linear,"{""max_check"": 8192, ""overfetch_factor"": 75.0, ""search_internal_result_num"": 0}"
sl,yfcc100m,25p,spann,7,0.7055555555555556,3.6171205555555557,0,0.0,0.0,1.0,linear,"{""max_check"": 8192, ""overfetch_factor"": 100.0, ""search_internal_result_num"": 0}"
sl,yfcc100m,25p,spann,8,0.7333333333333334,4.935892222222223,1,0.0,0.0,1.0,linear,"{""max_check"": 8192, ""overfetch_factor"": 150.0, ""search_internal_result_num"": 0}"
sl,yfcc100m,25p,spann,9,0.7388888888888888,4.864320555555555,0,0.0,0.0,1.0,linear,"{""max_check"": 8192, ""overfetch_factor"": 200.0, ""search_internal_result_num"": 0}"
sl,yfcc100m,25p,spann,10,0.7388888888888888,5.636936111111111,0,0.0,0.0,1.0,linear,"{""max_check"": 8192, ""overfetch_factor"": 250.0, ""search_internal_result_num"": 0}"
sl,yfcc100m,25p,spann,11,0.7444444444444445,9.150076666666665,0,0.0,0.0,1.0,linear,"{""max_check"": 8192, ""overfetch_factor"": 500.0, ""search_internal_result_num"": 0}"
sl,yfcc100m,25p,spann,12,0.7444444444444445,17.198066666666666,0,0.0,0.0,1.0,linear,"{""max_check"": 32768, ""overfetch_factor"": 1000.0, ""search_internal_result_num"": 0}"
sl,yfcc100m,25p,spann,13,0.7444444444444445,30.21019444444444,0,0.0,0.0,1.0,linear,"{""max_check"": 32768, ""overfetch_factor"": 2000.0, ""search_internal_result_num"": 0}"
sl,yfcc100m,25p,spann,14,0.7999999999999999,10.091452777777777,1,0.0,-2.0,1.0,linear,"{""max_check"": 8192, ""overfetch_factor"": 500.0, ""search_internal_result_num"": 100}"
sl,yfcc100m,25p,spann,15,0.8611111111111112,12.355697222222224,1,0.0,0.0,1.0,linear,"{""max_check"": 16384, ""overfetch_factor"": 500.0, ""search_internal_result_num"": 200}"
sl,yfcc100m,25p,spann,16,0.9500000000000001,25.01692777777778,1,0.0,0.0,1.0,linear,"{""max_check"": 32768, ""overfetch_factor"": 1000.0, ""search_internal_result_num"": 500}"
sl,yfcc100m,25p,spann,17,0.9666666666666666,46.65431111111111,1,0.0,0.0,1.0,linear,"{""max_check"": 32768, ""overfetch_factor"": 2000.0, ""search_internal_result_num"": 1000}"
sl,yfcc100m,25p,spann,18,0.9944444444444444,111.68441666666666,1,0.0,0.0,1.0,linear,"{""max_check"": 65536, ""overfetch_factor"": 5000.0, ""search_internal_result_num"": 2000}"
sl,yfcc100m,50p,curator,0,0.503125,0.10015953125,1,0.0,0.0,1.0,linear,"{""pq_M"": 12, ""search_ef"": 13}"
sl,yfcc100m,50p,curator,1,0.525,0.134679,0,0.0,0.0,1.0,linear,"{""pq_M"": 12, ""search_ef"": 14}"
sl,yfcc100m,50p,curator,2,0.528125,0.09039575,0,0.0,0.0,1.0,linear,"{""pq_M"": 12, ""search_ef"": 15}"
sl,yfcc100m,50p,curator,3,0.540625,0.10612387499999999,0,0.0,0.0,1.0,linear,"{""pq_M"": 12, ""search_ef"": 18}"
sl,yfcc100m,50p,curator,4,0.540625,0.12726415625,0,0.0,0.0,1.0,linear,"{""pq_M"": 12, ""search_ef"": 16}"
sl,yfcc100m,50p,curator,5,0.5625,0.1376834375,0,0.0,0.0,1.0,linear,"{""pq_M"": 12, ""search_ef"": 20}"
sl,yfcc100m,50p,curator,6,0.578125,0.26976,0,0.0,0.0,1.0,linear,"{""pq_M"": 48, ""search_ef"": 8}"
sl,yfcc100m,50p,curator,7,0.5874999999999999,0.1024093125,1,0.0,0.0,1.0,linear,"{""pq_M"": 12, ""search_ef"": 22}"
sl,yfcc100m,50p,curator,8,0.6031249999999999,0.11935009374999998,0,0.0,0.0,1.0,linear,"{""pq_M"": 12, ""search_ef"": 24}"
sl,yfcc100m,50p,curator,9,0.63125,0.13619243749999999,0,0.0,0.0,1.0,linear,"{""pq_M"": 12, ""search_ef"": 28}"
sl,yfcc100m,50p,curator,10,0.64375,0.12554990625,0,0.0,0.0,1.0,linear,"{""pq_M"": 12, ""search_ef"": 32}"
sl,yfcc100m,50p,curator,11,0.671875,0.14187171875000001,0,0.0,0.0,1.0,linear,"{""pq_M"": 12, ""search_ef"": 40}"
sl,yfcc100m,50p,curator,12,0.678125,0.10461246874999999,1,0.0,0.0,1.0,linear,"{""pq_M"": 48, ""search_ef"": 12}"
sl,yfcc100m,50p,curator,13,0.6875,0.11686584374999999,0,0.0,0.0,1.0,linear,"{""pq_M"": 48, ""search_ef"": 16}"
sl,yfcc100m,50p,curator,14,0.690625,0.15189984374999999,0,0.0,0.0,1.0,linear,"{""pq_M"": 12, ""search_ef"": 48}"
sl,yfcc100m,50p,curator,15,0.70625,0.14578471875000001,0,0.0,0.0,1.0,linear,"{""pq_M"": 12, ""search_ef"": 56}"
sl,yfcc100m,50p,curator,16,0.7125,0.15035228125,0,0.0,0.0,1.0,linear,"{""pq_M"": 12, ""search_ef"": 64}"
sl,yfcc100m,50p,curator,17,0.7125,0.18979637500000002,0,0.0,0.0,1.0,linear,"{""pq_M"": 12, ""search_ef"": 80}"
sl,yfcc100m,50p,curator,18,0.71875,0.2024568125,0,0.0,0.0,1.0,linear,"{""pq_M"": 12, ""search_ef"": 96}"
sl,yfcc100m,50p,curator,19,0.7250000000000001,0.18223390625,0,0.0,0.0,1.0,linear,"{""pq_M"": 12, ""search_ef"": 128}"
sl,yfcc100m,50p,curator,20,0.7312500000000001,0.22181459374999998,0,0.0,0.0,1.0,linear,"{""pq_M"": 12, ""search_ef"": 192}"
sl,yfcc100m,50p,curator,21,0.753125,0.266103125,0,0.0,0.0,1.0,linear,"{""pq_M"": 12, ""search_ef"": 256}"
sl,yfcc100m,50p,curator,22,0.7562499999999999,0.14870115625,0,0.0,0.0,1.0,linear,"{""pq_M"": 48, ""search_ef"": 24}"
sl,yfcc100m,50p,curator,23,0.7562500000000001,0.32083621875,0,0.0,0.0,1.0,linear,"{""pq_M"": 12, ""search_ef"": 384}"
sl,yfcc100m,50p,curator,24,0.7625,0.367655,0,0.0,0.0,1.0,linear,"{""pq_M"": 12, ""search_ef"": 512}"
sl,yfcc100m,50p,curator,25,0.78125,0.45769840624999997,0,0.0,0.0,1.0,linear,"{""pq_M"": 12, ""search_ef"": 768}"
sl,yfcc100m,50p,curator,26,0.78125,0.5568135624999999,0,0.0,0.0,1.0,linear,"{""pq_M"": 12, ""search_ef"": 1024}"
sl,yfcc100m,50p,curator,27,0.784375,0.14226003124999997,1,0.0,0.0,1.0,linear,"{""pq_M"": 48, ""search_ef"": 32}"
sl,yfcc100m,50p,curator,28,0.7875000000000001,0.7385964062499999,0,0.0,0.0,1.0,linear,"{""pq_M"": 12, ""search_ef"": 1536}"
sl,yfcc100m,50p,curator,29,0.7875000000000001,1.0623685625000001,0,0.0,0.0,1.0,linear,"{""pq_M"": 12, ""search_ef"": 2048}"
sl,yfcc100m,50p,curator,30,0.7875000000000001,1.6304224375,0,0.0,0.0,1.0,linear,"{""pq_M"": 12, ""search_ef"": 3072}"
sl,yfcc100m,50p,curator,31,0.7875000000000001,2.2487653125,0,0.0,0.0,1.0,linear,"{""pq_M"": 12, ""search_ef"": 4096}"
sl,yfcc100m,50p,curator,32,0.7875000000000001,4.964385,0,0.0,0.0,1.0,linear,"{""pq_M"": 12, ""search_ef"": 8192}"
sl,yfcc100m,50p,curator,33,0.79375,0.16281046875,0,0.0,0.0,1.0,linear,"{""pq_M"": 48, ""search_ef"": 48}"
sl,yfcc100m,50p,curator,34,0.834375,0.22111631250000002,0,0.0,0.0,1.0,linear,"{""pq_M"": 48, ""search_ef"": 64}"
sl,yfcc100m,50p,curator,35,0.859375,0.19515184375000003,1,0.0,0.0,1.0,linear,"{""pq_M"": 48, ""search_ef"": 96}"
sl,yfcc100m,50p,curator,36,0.865625,0.24329631250000003,0,0.0,0.0,1.0,linear,"{""pq_M"": 48, ""search_ef"": 128}"
sl,yfcc100m,50p,curator,37,0.878125,0.26189106250000005,0,0.0,0.0,1.0,linear,"{""pq_M"": 48, ""search_ef"": 192}"
sl,yfcc100m,50p,curator,38,0.9,0.30254812500000006,0,0.0,0.0,1.0,linear,"{""pq_M"": 48, ""search_ef"": 256}"
sl,yfcc100m,50p,curator,39,0.95,0.37004221875,1,0.0,0.0,1.0,linear,"{""pq_M"": 48, ""search_ef"": 384}"
sl,yfcc100m,50p,curator,40,0.975,0.50292625,1,0.0,0.0,1.0,linear,"{""pq_M"": 48, ""search_ef"": 512}"
sl,yfcc100m,50p,curator,41,0.99375,0.62005365625,0,0.0,0.0,1.0,linear,"{""pq_M"": 48, ""search_ef"": 768}"
sl,yfcc100m,50p,curator,42,0.99375,0.64818534375,0,0.0,0.0,1.0,linear,"{""pq_M"": 48, ""search_ef"": 1024}"
sl,yfcc100m,50p,curator,43,0.996875,1.2639761875,0,0.0,0.0,1.0,linear,"{""pq_M"": 48, ""search_ef"": 2048}"
sl,yfcc100m,50p,curator,44,1.0,1.257315625,1,0.0,0.0,1.0,linear,"{""pq_M"": 48, ""search_ef"": 4096}"
sl,yfcc100m,50p,curator,45,1.0,5.5555178125,0,0.0,0.0,1.0,linear,"{""pq_M"": 48, ""search_ef"": 16384}"
sl,yfcc100m,50p,curator,46,1.0,5.94618,0,0.0,0.0,1.0,linear,"{""pq_M"": 48, ""search_ef"": 8192}"
sl,yfcc100m,50p,diskivf,0,0.515625,5.959749843749999,0,0.0,0.0,1.0,linear,"{""nlist"": 894, ""nprobe"": 2}"
sl,yfcc100m,50p,diskivf,1,0.6,1.5481409687499998,1,0.0,0.0,1.0,linear,"{""nlist"": 894, ""nprobe"": 3}"
sl,yfcc100m,50p,diskivf,2,0.65,5.959749843749999,1,0.0,-4.0,1.0,linear,"{""nlist"": 894, ""nprobe"": 4}"
sl,yfcc100m,50p,diskivf,3,0.6812499999999999,2.81095603125,0,0.0,0.0,1.0,linear,"{""nlist"": 894, ""nprobe"": 5}"
sl,yfcc100m,50p,diskivf,4,0.7124999999999999,2.2230744375000002,1,0.0,0.0,1.0,linear,"{""nlist"": 894, ""nprobe"": 6}"
sl,yfcc100m,50p,diskivf,5,0.7375,5.959749843749999,0,0.0,0.0,1.0,linear,"{""nlist"": 894, ""nprobe"": 7}"
sl,yfcc100m,50p,diskivf,6,0.7562500000000001,3.958875,0,0.0,0.0,1.0,linear,"{""nlist"": 894, ""nprobe"": 8}"
sl,yfcc100m,50p,diskivf,7,0.778125,13.878351875,0,0.0,0.0,1.0,linear,"{""nlist"": 894, ""nprobe"": 9}"
sl,yfcc100m,50p,diskivf,8,0.8062499999999999,6.080246874999999,0,0.0,0.0,1.0,linear,"{""nlist"": 894, ""nprobe"": 10}"
sl,yfcc100m,50p,diskivf,9,0.840625,5.959749843749999,1,0.0,0.0,1.0,linear,"{""nlist"": 894, ""nprobe"": 11}"
sl,yfcc100m,50p,diskivf,10,0.84375,5.6696621875,0,0.0,0.0,1.0,linear,"{""nlist"": 894, ""nprobe"": 12}"
sl,yfcc100m,50p,diskivf,11,0.8624999999999999,5.959749843749999,0,0.0,0.0,1.0,linear,"{""nlist"": 894, ""nprobe"": 13}"
sl,yfcc100m,50p,diskivf,12,0.8812500000000001,7.739005312499999,0,0.0,0.0,1.0,linear,"{""nlist"": 894, ""nprobe"": 14}"
sl,yfcc100m,50p,diskivf,13,0.89375,5.959749843749999,0,0.0,0.0,1.0,linear,"{""nlist"": 894, ""nprobe"": 15}"
sl,yfcc100m,50p,diskivf,14,0.903125,6.0978765625,0,0.0,0.0,1.0,linear,"{""nlist"": 894, ""nprobe"": 16}"
sl,yfcc100m,50p,diskivf,15,0.903125,6.4901803125,1,0.0,0.0,1.0,linear,"{""nlist"": 894, ""nprobe"": 17}"
sl,yfcc100m,50p,diskivf,16,0.90625,5.5516453125,0,0.0,0.0,1.0,linear,"{""nlist"": 894, ""nprobe"": 19}"
sl,yfcc100m,50p,diskivf,17,0.90625,7.656177187500002,0,0.0,0.0,1.0,linear,"{""nlist"": 894, ""nprobe"": 18}"
sl,yfcc100m,50p,diskivf,18,0.909375,7.7669749999999995,0,0.0,0.0,1.0,linear,"{""nlist"": 894, ""nprobe"": 20}"
sl,yfcc100m,50p,diskivf,19,0.9125000000000001,14.380526562499998,0,0.0,0.0,1.0,linear,"{""nlist"": 894, ""nprobe"": 21}"
sl,yfcc100m,50p,diskivf,20,0.921875,6.0148959375,0,0.0,0.0,1.0,linear,"{""nlist"": 894, ""nprobe"": 23}"
sl,yfcc100m,50p,diskivf,21,0.921875,9.43132875,0,0.0,0.0,1.0,linear,"{""nlist"": 894, ""nprobe"": 22}"
sl,yfcc100m,50p,diskivf,22,0.925,9.1074490625,0,0.0,0.0,1.0,linear,"{""nlist"": 894, ""nprobe"": 24}"
sl,yfcc100m,50p,diskivf,23,0.9281250000000001,6.5024046874999994,0,0.0,0.0,1.0,linear,"{""nlist"": 894, ""nprobe"": 25}"
sl,yfcc100m,50p,diskivf,24,0.9281250000000001,8.6025053125,0,0.0,0.0,1.0,linear,"{""nlist"": 894, ""nprobe"": 27}"
sl,yfcc100m,50p,diskivf,25,0.9281250000000001,9.175820625,0,0.0,0.0,1.0,linear,"{""nlist"": 894, ""nprobe"": 26}"
sl,yfcc100m,50p,diskivf,26,0.934375,7.543480000000001,0,0.0,0.0,1.0,linear,"{""nlist"": 894, ""nprobe"": 29}"
sl,yfcc100m,50p,diskivf,27,0.934375,9.6276765625,1,0.0,0.0,1.0,linear,"{""nlist"": 894, ""nprobe"": 28}"
sl,yfcc100m,50p,diskivf,28,0.940625,13.2909409375,0,0.0,0.0,1.0,linear,"{""nlist"": 894, ""nprobe"": 30}"
sl,yfcc100m,50p,diskivf,29,0.953125,9.03996875,0,0.0,0.0,1.0,linear,"{""nlist"": 894, ""nprobe"": 31}"
sl,yfcc100m,50p,diskivf,30,0.9562499999999999,10.012708125,0,0.0,0.0,1.0,linear,"{""nlist"": 894, ""nprobe"": 33}"
sl,yfcc100m,50p,diskivf,31,0.9562499999999999,10.1450153125,0,0.0,0.0,1.0,linear,"{""nlist"": 894, ""nprobe"": 34}"
sl,yfcc100m,50p,diskivf,32,0.9562499999999999,11.076041250000001,0,0.0,0.0,1.0,linear,"{""nlist"": 894, ""nprobe"": 32}"
sl,yfcc100m,50p,diskivf,33,0.959375,10.786529062500001,0,0.0,0.0,1.0,linear,"{""nlist"": 894, ""nprobe"": 35}"
sl,yfcc100m,50p,diskivf,34,0.9624999999999999,10.520534375,0,0.0,0.0,1.0,linear,"{""nlist"": 894, ""nprobe"": 37}"
sl,yfcc100m,50p,diskivf,35,0.9624999999999999,11.2405825,0,0.0,0.0,1.0,linear,"{""nlist"": 894, ""nprobe"": 38}"
sl,yfcc100m,50p,diskivf,36,0.9624999999999999,12.1444684375,0,0.0,0.0,1.0,linear,"{""nlist"": 894, ""nprobe"": 39}"
sl,yfcc100m,50p,diskivf,37,0.9624999999999999,13.668481875000001,0,0.0,0.0,1.0,linear,"{""nlist"": 894, ""nprobe"": 36}"
sl,yfcc100m,50p,diskivf,38,0.9624999999999999,18.88455625,0,0.0,0.0,1.0,linear,"{""nlist"": 894, ""nprobe"": 40}"
sl,yfcc100m,50p,diskivf,39,0.96875,21.763984375,0,0.0,0.0,1.0,linear,"{""nlist"": 894, ""nprobe"": 44}"
sl,yfcc100m,50p,diskivf,40,0.9781249999999999,22.7151375,0,0.0,0.0,1.0,linear,"{""nlist"": 894, ""nprobe"": 56}"
sl,yfcc100m,50p,diskivf,41,0.9781249999999999,23.750653125,1,0.0,0.0,1.0,linear,"{""nlist"": 894, ""nprobe"": 48}"
sl,yfcc100m,50p,diskivf,42,0.98125,46.052415624999995,0,0.0,0.0,1.0,linear,"{""nlist"": 894, ""nprobe"": 64}"
sl,yfcc100m,50p,diskivf,43,0.984375,28.742159375,0,0.0,0.0,1.0,linear,"{""nlist"": 894, ""nprobe"": 72}"
sl,yfcc100m,50p,diskivf,44,0.984375,47.051525,0,0.0,0.0,1.0,linear,"{""nlist"": 894, ""nprobe"": 80}"
sl,yfcc100m,50p,diskivf,45,0.990625,39.701421875,0,0.0,0.0,1.0,linear,"{""nlist"": 894, ""nprobe"": 96}"
sl,yfcc100m,50p,diskivf,46,0.990625,46.7425125,0,0.0,0.0,1.0,linear,"{""nlist"": 894, ""nprobe"": 88}"
sl,yfcc100m,50p,diskivf,47,0.990625,48.859434375,0,0.0,0.0,1.0,linear,"{""nlist"": 894, ""nprobe"": 112}"
sl,yfcc100m,50p,diskivf,48,0.996875,56.762071875000004,1,0.0,0.0,1.0,linear,"{""nlist"": 894, ""nprobe"": 128}"
sl,yfcc100m,50p,prefilter,0,1.0,1.21169690625,1,0.0,0.0,1.0,linear,{}
sl,yfcc100m,50p,spann,0,0.540625,2.3007421875,0,0.0,0.0,1.0,linear,"{""max_check"": 4096, ""overfetch_factor"": 25.0, ""search_internal_result_num"": 0}"
sl,yfcc100m,50p,spann,1,0.540625,2.86299625,1,0.0,0.0,1.0,linear,"{""max_check"": 8192, ""overfetch_factor"": 25.0, ""search_internal_result_num"": 0}"
sl,yfcc100m,50p,spann,2,0.5968749999999999,3.044463125,1,0.0,0.0,1.0,linear,"{""max_check"": 8192, ""overfetch_factor"": 30.0, ""search_internal_result_num"": 0}"
sl,yfcc100m,50p,spann,3,0.675,3.252939375,1,0.0,0.0,1.0,linear,"{""max_check"": 8192, ""overfetch_factor"": 40.0, ""search_internal_result_num"": 0}"
sl,yfcc100m,50p,spann,4,0.6937500000000001,2.9230546874999996,0,0.0,0.0,1.0,linear,"{""max_check"": 8192, ""overfetch_factor"": 50.0, ""search_internal_result_num"": 0}"
sl,yfcc100m,50p,spann,5,0.76875,3.6871700000000005,1,0.0,0.0,1.0,linear,"{""max_check"": 8192, ""overfetch_factor"": 75.0, ""search_internal_result_num"": 0}"
sl,yfcc100m,50p,spann,6,0.784375,3.519473749999999,0,0.0,0.0,1.0,linear,"{""max_check"": 8192, ""overfetch_factor"": 100.0, ""search_internal_result_num"": 0}"
sl,yfcc100m,50p,spann,7,0.8125,4.8665775,1,0.0,0.0,1.0,linear,"{""max_check"": 8192, ""overfetch_factor"": 150.0, ""search_internal_result_num"": 0}"
sl,yfcc100m,50p,spann,8,0.81875,4.920676562500001,0,0.0,0.0,1.0,linear,"{""max_check"": 8192, ""overfetch_factor"": 200.0, ""search_internal_result_num"": 0}"
sl,yfcc100m,50p,spann,9,0.81875,5.572405,0,0.0,0.0,1.0,linear,"{""max_check"": 8192, ""overfetch_factor"": 250.0, ""search_internal_result_num"": 0}"
sl,yfcc100m,50p,spann,10,0.81875,8.9885853125,0,0.0,0.0,1.0,linear,"{""max_check"": 8192, ""overfetch_factor"": 500.0, ""search_internal_result_num"": 0}"
sl,yfcc100m,50p,spann,11,0.81875,17.048593750000002,0,0.0,0.0,1.0,linear,"{""max_check"": 32768, ""overfetch_factor"": 1000.0, ""search_internal_result_num"": 0}"
sl,yfcc100m,50p,spann,12,0.81875,29.761825,0,0.0,0.0,1.0,linear,"{""max_check"": 32768, ""overfetch_factor"": 2000.0, ""search_internal_result_num"": 0}"
sl,yfcc100m,50p,spann,13,0.8875,10.084599375,1,0.0,-1.0,1.0,linear,"{""max_check"": 8192, ""overfetch_factor"": 500.0, ""search_internal_result_num"": 100}"
sl,yfcc100m,50p,spann,14,0.9375,12.64103125,1,0.0,0.0,1.0,linear,"{""max_check"": 16384, ""overfetch_factor"": 500.0, ""search_internal_result_num"": 200}"
sl,yfcc100m,50p,spann,15,0.9875,24.888540624999997,0,0.0,0.0,1.0,linear,"{""max_check"": 32768, ""overfetch_factor"": 1000.0, ""search_internal_result_num"": 500}"
sl,yfcc100m,50p,spann,16,0.9906250000000001,31.602578124999997,1,0.0,0.0,1.0,linear,"{""max_check"": 32768, ""overfetch_factor"": 2000.0, ""search_internal_result_num"": 1000}"
sl,yfcc100m,50p,spann,17,1.0,79.00644531249999,1,0.0,0.0,1.0,linear,"{""max_check"": 65536, ""overfetch_factor"": 5000.0, ""search_internal_result_num"": 2000}"
sl,yfcc100m,75p,curator,0,0.5047169811320755,0.09603011320754717,1,0.0,0.0,1.0,linear,"{""pq_M"": 12, ""search_ef"": 15}"
sl,yfcc100m,75p,curator,1,0.5254716981132075,0.1263888962264151,0,0.0,0.0,1.0,linear,"{""pq_M"": 12, ""search_ef"": 16}"
sl,yfcc100m,75p,curator,2,0.5547169811320755,0.10440191509433965,1,0.0,0.0,1.0,linear,"{""pq_M"": 12, ""search_ef"": 18}"
sl,yfcc100m,75p,curator,3,0.5632075471698114,0.9142137264150944,0,0.0,0.0,1.0,linear,"{""pq_M"": 48, ""search_ef"": 8}"
sl,yfcc100m,75p,curator,4,0.5811320754716981,0.12564630188679246,0,0.0,0.0,1.0,linear,"{""pq_M"": 12, ""search_ef"": 20}"
sl,yfcc100m,75p,curator,5,0.5981132075471698,0.11163894339622642,1,0.0,0.0,1.0,linear,"{""pq_M"": 12, ""search_ef"": 22}"
sl,yfcc100m,75p,curator,6,0.619811320754717,0.1170879716981132,0,0.0,0.0,1.0,linear,"{""pq_M"": 12, ""search_ef"": 24}"
sl,yfcc100m,75p,curator,7,0.6547169811320755,0.13367209433962265,0,0.0,0.0,1.0,linear,"{""pq_M"": 12, ""search_ef"": 28}"
sl,yfcc100m,75p,curator,8,0.670754716981132,0.10024181132075471,0,0.0,0.0,1.0,linear,"{""pq_M"": 48, ""search_ef"": 12}"
sl,yfcc100m,75p,curator,9,0.6726415094339624,0.1320860849056604,0,0.0,0.0,1.0,linear,"{""pq_M"": 12, ""search_ef"": 32}"
sl,yfcc100m,75p,curator,10,0.7037735849056603,0.11668978301886791,1,0.0,0.0,1.0,linear,"{""pq_M"": 48, ""search_ef"": 16}"
sl,yfcc100m,75p,curator,11,0.7037735849056604,0.14321968867924528,0,0.0,0.0,1.0,linear,"{""pq_M"": 12, ""search_ef"": 40}"
sl,yfcc100m,75p,curator,12,0.7122641509433962,0.1560094433962264,0,0.0,0.0,1.0,linear,"{""pq_M"": 12, ""search_ef"": 48}"
sl,yfcc100m,75p,curator,13,0.718867924528302,0.14803700943396228,0,0.0,0.0,1.0,linear,"{""pq_M"": 12, ""search_ef"": 56}"
sl,yfcc100m,75p,curator,14,0.7254716981132078,0.16744214150943396,0,0.0,0.0,1.0,linear,"{""pq_M"": 12, ""search_ef"": 64}"
sl,yfcc100m,75p,curator,15,0.7330188679245283,0.18328782075471697,0,0.0,0.0,1.0,linear,"{""pq_M"": 12, ""search_ef"": 80}"
sl,yfcc100m,75p,curator,16,0.7452830188679245,0.19340408490566038,0,0.0,0.0,1.0,linear,"{""pq_M"": 12, ""search_ef"": 96}"
sl,yfcc100m,75p,curator,17,0.750943396226415,0.13900277358490568,0,0.0,0.0,1.0,linear,"{""pq_M"": 48, ""search_ef"": 24}"
sl,yfcc100m,75p,curator,18,0.7518867924528302,0.18805733018867923,0,0.0,0.0,1.0,linear,"{""pq_M"": 12, ""search_ef"": 128}"
sl,yfcc100m,75p,curator,19,0.7556603773584906,0.2641502735849056,0,0.0,0.0,1.0,linear,"{""pq_M"": 12, ""search_ef"": 256}"
sl,yfcc100m,75p,curator,20,0.7575471698113208,0.2168682924528302,0,0.0,0.0,1.0,linear,"{""pq_M"": 12, ""search_ef"": 192}"
sl,yfcc100m,75p,curator,21,0.7584905660377358,0.3150776603773584,0,0.0,0.0,1.0,linear,"{""pq_M"": 12, ""search_ef"": 384}"
sl,yfcc100m,75p,curator,22,0.7650943396226415,0.46228537735849046,0,0.0,0.0,1.0,linear,"{""pq_M"": 12, ""search_ef"": 512}"
sl,yfcc100m,75p,curator,23,0.7726415094339624,0.8225269339622642,0,0.0,0.0,1.0,linear,"{""pq_M"": 12, ""search_ef"": 1536}"
sl,yfcc100m,75p,curator,24,0.7735849056603775,1.1200866226415094,0,0.0,0.0,1.0,linear,"{""pq_M"": 12, ""search_ef"": 2048}"
sl,yfcc100m,75p,curator,25,0.7745283018867926,0.6260238679245284,0,0.0,0.0,1.0,linear,"{""pq_M"": 12, ""search_ef"": 1024}"
sl,yfcc100m,75p,curator,26,0.7754716981132076,1.7683481698113206,0,0.0,0.0,1.0,linear,"{""pq_M"": 12, ""search_ef"": 3072}"
sl,yfcc100m,75p,curator,27,0.7754716981132076,2.40353858490566,0,0.0,0.0,1.0,linear,"{""pq_M"": 12, ""search_ef"": 4096}"
sl,yfcc100m,75p,curator,28,0.7754716981132076,6.064515660377358,0,0.0,0.0,1.0,linear,"{""pq_M"": 12, ""search_ef"": 8192}"
sl,yfcc100m,75p,curator,29,0.7764150943396226,0.5293842547169811,0,0.0,0.0,1.0,linear,"{""pq_M"": 12, ""search_ef"": 768}"
sl,yfcc100m,75p,curator,30,0.7811320754716983,0.13970712264150942,1,0.0,0.0,1.0,linear,"{""pq_M"": 48, ""search_ef"": 32}"
sl,yfcc100m,75p,curator,31,0.8207547169811321,0.16709505660377358,0,0.0,0.0,1.0,linear,"{""pq_M"": 48, ""search_ef"": 48}"
sl,yfcc100m,75p,curator,32,0.8311320754716981,0.20669503773584907,0,0.0,0.0,1.0,linear,"{""pq_M"": 48, ""search_ef"": 64}"
sl,yfcc100m,75p,curator,33,0.8613207547169812,0.1939946886792453,1,0.0,0.0,1.0,linear,"{""pq_M"": 48, ""search_ef"": 96}"
sl,yfcc100m,75p,curator,34,0.8867924528301887,0.24537329245283018,0,0.0,0.0,1.0,linear,"{""pq_M"": 48, ""search_ef"": 128}"
sl,yfcc100m,75p,curator,35,0.9150943396226416,0.27252641509433967,0,0.0,0.0,1.0,linear,"{""pq_M"": 48, ""search_ef"": 192}"
sl,yfcc100m,75p,curator,36,0.9339622641509434,0.3186925943396226,1,0.0,0.0,1.0,linear,"{""pq_M"": 48, ""search_ef"": 256}"
sl,yfcc100m,75p,curator,37,0.9518867924528303,0.3829442547169812,0,0.0,0.0,1.0,linear,"{""pq_M"": 48, ""search_ef"": 384}"
sl,yfcc100m,75p,curator,38,0.9641509433962265,0.48379159433962265,0,0.0,0.0,1.0,linear,"{""pq_M"": 48, ""search_ef"": 512}"
sl,yfcc100m,75p,curator,39,0.978301886792453,0.6269506509433963,0,0.0,0.0,1.0,linear,"{""pq_M"": 48, ""search_ef"": 768}"
sl,yfcc100m,75p,curator,40,0.9830188679245283,0.7615804056603774,1,0.0,0.0,1.0,linear,"{""pq_M"": 48, ""search_ef"": 1024}"
sl,yfcc100m,75p,curator,41,0.9915094339622642,1.418640264150943,0,0.0,0.0,1.0,linear,"{""pq_M"": 48, ""search_ef"": 2048}"
sl,yfcc100m,75p,curator,42,0.9943396226415094,3.224103396226415,0,0.0,0.0,1.0,linear,"{""pq_M"": 48, ""search_ef"": 4096}"
sl,yfcc100m,75p,curator,43,0.9952830188679245,1.9039510141509437,1,0.0,0.0,1.0,linear,"{""pq_M"": 48, ""search_ef"": 8192}"
sl,yfcc100m,75p,curator,44,0.9952830188679245,15.183219150943396,0,0.0,0.0,1.0,linear,"{""pq_M"": 48, ""search_ef"": 16384}"
sl,yfcc100m,75p,diskivf,0,0.5811320754716981,3.8584298207547163,0,0.0,0.0,1.0,linear,"{""nlist"": 894, ""nprobe"": 2}"
sl,yfcc100m,75p,diskivf,1,0.6641509433962265,1.5761709528301888,1,0.0,0.0,1.0,linear,"{""nlist"": 894, ""nprobe"": 3}"
sl,yfcc100m,75p,diskivf,2,0.7132075471698113,3.8584298207547163,1,0.0,-1.8,1.0,linear,"{""nlist"": 894, ""nprobe"": 4}"
sl,yfcc100m,75p,diskivf,3,0.7528301886792451,3.8584298207547163,0,0.0,0.0,1.0,linear,"{""nlist"": 894, ""nprobe"": 5}"
sl,yfcc100m,75p,diskivf,4,0.7915094339622643,2.5245268962264156,1,0.0,0.0,1.0,linear,"{""nlist"": 894, ""nprobe"": 6}"
sl,yfcc100m,75p,diskivf,5,0.8207547169811322,4.091617264150944,0,0.0,0.0,1.0,linear,"{""nlist"": 894, ""nprobe"": 7}"
sl,yfcc100m,75p,diskivf,6,0.8424528301886793,4.905092264150943,0,0.0,0.0,1.0,linear,"{""nlist"": 894, ""nprobe"": 8}"
sl,yfcc100m,75p,diskivf,7,0.8603773584905661,14.11417613207547,0,0.0,0.0,1.0,linear,"{""nlist"": 894, ""nprobe"": 9}"
sl,yfcc100m,75p,diskivf,8,0.869811320754717,7.401124433962263,0,0.0,0.0,1.0,linear,"{""nlist"": 894, ""nprobe"": 10}"
sl,yfcc100m,75p,diskivf,9,0.8811320754716981,4.217887075471698,1,0.0,0.0,1.0,linear,"{""nlist"": 894, ""nprobe"": 11}"
sl,yfcc100m,75p,diskivf,10,0.8886792452830189,6.397619056603775,0,0.0,0.0,1.0,linear,"{""nlist"": 894, ""nprobe"": 12}"
sl,yfcc100m,75p,diskivf,11,0.8962264150943396,4.727109245283019,1,0.0,0.0,1.0,linear,"{""nlist"": 894, ""nprobe"": 13}"
sl,yfcc100m,75p,diskivf,12,0.9018867924528303,7.9290335849056595,0,0.0,0.0,1.0,linear,"{""nlist"": 894, ""nprobe"": 14}"
sl,yfcc100m,75p,diskivf,13,0.9103773584905662,4.952744811320755,0,0.0,0.0,1.0,linear,"{""nlist"": 894, ""nprobe"": 15}"
sl,yfcc100m,75p,diskivf,14,0.9132075471698115,6.913319622641509,0,0.0,0.0,1.0,linear,"{""nlist"": 894, ""nprobe"": 16}"
sl,yfcc100m,75p,diskivf,15,0.9179245283018869,6.539251698113208,0,0.0,0.0,1.0,linear,"{""nlist"": 894, ""nprobe"": 17}"
sl,yfcc100m,75p,diskivf,16,0.9207547169811322,8.230225849056604,0,0.0,0.0,1.0,linear,"{""nlist"": 894, ""nprobe"": 18}"
sl,yfcc100m,75p,diskivf,17,0.9245283018867926,6.293995094339624,0,0.0,0.0,1.0,linear,"{""nlist"": 894, ""nprobe"": 19}"
sl,yfcc100m,75p,diskivf,18,0.9292452830188679,9.074861698113207,0,0.0,0.0,1.0,linear,"{""nlist"": 894, ""nprobe"": 20}"
sl,yfcc100m,75p,diskivf,19,0.9320754716981133,12.81915613207547,0,0.0,0.0,1.0,linear,"{""nlist"": 894, ""nprobe"": 21}"
sl,yfcc100m,75p,diskivf,20,0.9358490566037737,8.973093584905659,0,0.0,0.0,1.0,linear,"{""nlist"": 894, ""nprobe"": 22}"
sl,yfcc100m,75p,diskivf,21,0.9424528301886794,7.330248773584906,0,0.0,0.0,1.0,linear,"{""nlist"": 894, ""nprobe"": 23}"
sl,yfcc100m,75p,diskivf,22,0.9443396226415095,10.203951415094341,0,0.0,0.0,1.0,linear,"{""nlist"": 894, ""nprobe"": 24}"
sl,yfcc100m,75p,diskivf,23,0.9462264150943397,7.444994528301886,0,0.0,0.0,1.0,linear,"{""nlist"": 894, ""nprobe"": 25}"
sl,yfcc100m,75p,diskivf,24,0.9471698113207547,10.678423773584905,0,0.0,0.0,1.0,linear,"{""nlist"": 894, ""nprobe"": 26}"
sl,yfcc100m,75p,diskivf,25,0.9500000000000001,8.825595566037736,0,0.0,0.0,1.0,linear,"{""nlist"": 894, ""nprobe"": 27}"
sl,yfcc100m,75p,diskivf,26,0.9509433962264152,11.563651886792451,1,0.0,0.0,1.0,linear,"{""nlist"": 894, ""nprobe"": 28}"
sl,yfcc100m,75p,diskivf,27,0.9528301886792453,9.501581132075472,0,0.0,0.0,1.0,linear,"{""nlist"": 894, ""nprobe"": 29}"
sl,yfcc100m,75p,diskivf,28,0.9537735849056603,15.044981603773586,0,0.0,0.0,1.0,linear,"{""nlist"": 894, ""nprobe"": 30}"
sl,yfcc100m,75p,diskivf,29,0.9584905660377357,8.83123820754717,0,0.0,0.0,1.0,linear,"{""nlist"": 894, ""nprobe"": 31}"
sl,yfcc100m,75p,diskivf,30,0.9603773584905662,9.776693207547169,0,0.0,0.0,1.0,linear,"{""nlist"": 894, ""nprobe"": 33}"
sl,yfcc100m,75p,diskivf,31,0.9603773584905662,11.016181603773585,0,0.0,0.0,1.0,linear,"{""nlist"": 894, ""nprobe"": 34}"
sl,yfcc100m,75p,diskivf,32,0.9603773584905662,13.085469528301887,0,0.0,0.0,1.0,linear,"{""nlist"": 894, ""nprobe"": 32}"
sl,yfcc100m,75p,diskivf,33,0.9650943396226416,12.072449150943394,0,0.0,0.0,1.0,linear,"{""nlist"": 894, ""nprobe"": 35}"
sl,yfcc100m,75p,diskivf,34,0.9660377358490566,15.924557452830188,0,0.0,0.0,1.0,linear,"{""nlist"": 894, ""nprobe"": 36}"
sl,yfcc100m,75p,diskivf,35,0.968867924528302,12.078661886792451,0,0.0,0.0,1.0,linear,"{""nlist"": 894, ""nprobe"": 37}"
sl,yfcc100m,75p,diskivf,36,0.9726415094339622,11.029554811320756,0,0.0,0.0,1.0,linear,"{""nlist"": 894, ""nprobe"": 38}"
sl,yfcc100m,75p,diskivf,37,0.9726415094339622,12.080836886792452,0,0.0,0.0,1.0,linear,"{""nlist"": 894, ""nprobe"": 39}"
sl,yfcc100m,75p,diskivf,38,0.9764150943396226,23.204320754716974,0,0.0,0.0,1.0,linear,"{""nlist"": 894, ""nprobe"": 40}"
sl,yfcc100m,75p,diskivf,39,0.9783018867924529,24.80959150943396,0,0.0,0.0,1.0,linear,"{""nlist"": 894, ""nprobe"": 44}"
sl,yfcc100m,75p,diskivf,40,0.979245283018868,26.51166981132075,1,0.0,0.0,1.0,linear,"{""nlist"": 894, ""nprobe"": 48}"
sl,yfcc100m,75p,diskivf,41,0.9877358490566039,26.339174528301886,0,0.0,0.0,1.0,linear,"{""nlist"": 894, ""nprobe"": 56}"
sl,yfcc100m,75p,diskivf,42,0.9933962264150943,48.693044339622645,0,0.0,0.0,1.0,linear,"{""nlist"": 894, ""nprobe"": 64}"
sl,yfcc100m,75p,diskivf,43,0.9943396226415094,35.23712452830189,0,0.0,0.0,1.0,linear,"{""nlist"": 894, ""nprobe"": 72}"
sl,yfcc100m,75p,diskivf,44,0.9943396226415094,45.83601320754717,0,0.0,0.0,1.0,linear,"{""nlist"": 894, ""nprobe"": 96}"
sl,yfcc100m,75p,diskivf,45,0.9943396226415094,47.650189622641506,0,0.0,0.0,1.0,linear,"{""nlist"": 894, ""nprobe"": 80}"
sl,yfcc100m,75p,diskivf,46,0.9943396226415094,51.99353867924528,0,0.0,0.0,1.0,linear,"{""nlist"": 894, ""nprobe"": 88}"
sl,yfcc100m,75p,diskivf,47,0.9952830188679245,58.455425471698106,0,0.0,0.0,1.0,linear,"{""nlist"": 894, ""nprobe"": 112}"
sl,yfcc100m,75p,diskivf,48,0.9971698113207547,62.38402358490566,1,0.0,0.0,1.0,linear,"{""nlist"": 894, ""nprobe"": 128}"
sl,yfcc100m,75p,prefilter,0,1.0,3.239395943396226,1,0.0,0.0,1.0,linear,{}
sl,yfcc100m,75p,spann,0,0.5207547169811321,2.6471421698113207,1,0.0,0.0,1.0,linear,"{""max_check"": 8192, ""overfetch_factor"": 12.0, ""search_internal_result_num"": 0}"
sl,yfcc100m,75p,spann,1,0.5773584905660377,2.6209589622641514,0,0.0,0.0,1.0,linear,"{""max_check"": 8192, ""overfetch_factor"": 15.0, ""search_internal_result_num"": 0}"
sl,yfcc100m,75p,spann,2,0.6801886792452831,2.822415283018868,1,0.0,0.0,1.0,linear,"{""max_check"": 8192, ""overfetch_factor"": 20.0, ""search_internal_result_num"": 0}"
sl,yfcc100m,75p,spann,3,0.7500000000000001,2.4146771698113207,0,0.0,0.0,1.0,linear,"{""max_check"": 4096, ""overfetch_factor"": 25.0, ""search_internal_result_num"": 0}"
sl,yfcc100m,75p,spann,4,0.7500000000000001,2.895732547169811,1,0.0,0.0,1.0,linear,"{""max_check"": 8192, ""overfetch_factor"": 25.0, ""search_internal_result_num"": 0}"
sl,yfcc100m,75p,spann,5,0.7999999999999999,3.0538399056603773,1,0.0,0.0,1.0,linear,"{""max_check"": 8192, ""overfetch_factor"": 30.0, ""search_internal_result_num"": 0}"
sl,yfcc100m,75p,spann,6,0.8367924528301887,3.27815858490566,1,0.0,0.0,1.0,linear,"{""max_check"": 8192, ""overfetch_factor"": 40.0, ""search_internal_result_num"": 0}"
sl,yfcc100m,75p,spann,7,0.8641509433962264,2.8891027358490566,0,0.0,0.0,1.0,linear,"{""max_check"": 8192, ""overfetch_factor"": 50.0, ""search_internal_result_num"": 0}"
sl,yfcc100m,75p,spann,8,0.8933962264150944,3.8827744339622647,0,0.0,0.0,1.0,linear,"{""max_check"": 8192, ""overfetch_factor"": 75.0, ""search_internal_result_num"": 0}"
sl,yfcc100m,75p,spann,9,0.8943396226415095,3.585446603773585,0,0.0,0.0,1.0,linear,"{""max_check"": 8192, ""overfetch_factor"": 100.0, ""search_internal_result_num"": 0}"
sl,yfcc100m,75p,spann,10,0.8943396226415095,4.775653867924528,1,0.0,0.0,1.0,linear,"{""max_check"": 8192, ""overfetch_factor"": 150.0, ""search_internal_result_num"": 0}"
sl,yfcc100m,75p,spann,11,0.8943396226415095,4.9246113207547175,0,0.0,0.0,1.0,linear,"{""max_check"": 8192, ""overfetch_factor"": 200.0, ""search_internal_result_num"": 0}"
sl,yfcc100m,75p,spann,12,0.8943396226415095,5.538388584905659,0,0.0,0.0,1.0,linear,"{""max_check"": 8192, ""overfetch_factor"": 250.0, ""search_internal_result_num"": 0}"
sl,yfcc100m,75p,spann,13,0.8943396226415095,8.934448867924528,0,0.0,0.0,1.0,linear,"{""max_check"": 8192, ""overfetch_factor"": 500.0, ""search_internal_result_num"": 0}"
sl,yfcc100m,75p,spann,14,0.8943396226415095,16.975495283018866,0,0.0,0.0,1.0,linear,"{""max_check"": 32768, ""overfetch_factor"": 1000.0, ""search_internal_result_num"": 0}"
sl,yfcc100m,75p,spann,15,0.8943396226415095,30.006754716981128,0,0.0,0.0,1.0,linear,"{""max_check"": 32768, ""overfetch_factor"": 2000.0, ""search_internal_result_num"": 0}"
sl,yfcc100m,75p,spann,16,0.9292452830188681,9.706936084905662,1,0.0,0.0,1.0,linear,"{""max_check"": 8192, ""overfetch_factor"": 500.0, ""search_internal_result_num"": 100}"
sl,yfcc100m,75p,spann,17,0.9773584905660379,12.488585943396226,1,0.0,13.0,1.0,linear,"{""max_check"": 16384, ""overfetch_factor"": 500.0, ""search_internal_result_num"": 200}"
sl,yfcc100m,75p,spann,18,0.9915094339622641,25.106243396226418,0,0.0,0.0,1.0,linear,"{""max_check"": 32768, ""overfetch_factor"": 1000.0, ""search_internal_result_num"": 500}"
sl,yfcc100m,75p,spann,19,0.9943396226415094,51.9066103773585,0,0.0,0.0,1.0,linear,"{""max_check"": 32768, ""overfetch_factor"": 2000.0, ""search_internal_result_num"": 1000}"
sl,yfcc100m,75p,spann,20,0.9971698113207547,31.221464858490563,1,0.0,0.0,1.0,linear,"{""max_check"": 65536, ""overfetch_factor"": 5000.0, ""search_internal_result_num"": 2000}"
sl,yfcc100m,99p,curator,0,0.5116959064327485,0.1306299415204678,1,0.0,0.0,1.0,linear,"{""pq_M"": 12, ""search_ef"": 22}"
sl,yfcc100m,99p,curator,1,0.5321637426900585,0.13379433040935673,0,0.0,0.0,1.0,linear,"{""pq_M"": 12, ""search_ef"": 24}"
sl,yfcc100m,99p,curator,2,0.5514619883040935,0.11650203508771931,0,0.0,0.0,1.0,linear,"{""pq_M"": 48, ""search_ef"": 8}"
sl,yfcc100m,99p,curator,3,0.566374269005848,0.14210839473684211,1,0.0,0.0,1.0,linear,"{""pq_M"": 12, ""search_ef"": 28}"
sl,yfcc100m,99p,curator,4,0.5950292397660819,0.15677128362573098,0,0.0,0.0,1.0,linear,"{""pq_M"": 12, ""search_ef"": 32}"
sl,yfcc100m,99p,curator,5,0.6400584795321638,0.16971076900584794,1,0.0,0.0,1.0,linear,"{""pq_M"": 12, ""search_ef"": 40}"
sl,yfcc100m,99p,curator,6,0.6456140350877193,0.17932445321637427,0,0.0,0.0,1.0,linear,"{""pq_M"": 12, ""search_ef"": 48}"
sl,yfcc100m,99p,curator,7,0.65,0.18270019005847954,0,0.0,0.0,1.0,linear,"{""pq_M"": 12, ""search_ef"": 56}"
sl,yfcc100m,99p,curator,8,0.6508771929824562,0.19540402339181287,0,0.0,0.0,1.0,linear,"{""pq_M"": 12, ""search_ef"": 64}"
sl,yfcc100m,99p,curator,9,0.6573099415204678,0.2036223859649123,0,0.0,0.0,1.0,linear,"{""pq_M"": 12, ""search_ef"": 80}"
sl,yfcc100m,99p,curator,10,0.6584795321637428,0.21382584795321638,0,0.0,0.0,1.0,linear,"{""pq_M"": 12, ""search_ef"": 96}"
sl,yfcc100m,99p,curator,11,0.6643274853801169,0.23199445029239765,0,0.0,0.0,1.0,linear,"{""pq_M"": 12, ""search_ef"": 128}"
sl,yfcc100m,99p,curator,12,0.6666666666666666,0.1173419649122807,0,0.0,0.0,1.0,linear,"{""pq_M"": 48, ""search_ef"": 12}"
sl,yfcc100m,99p,curator,13,0.6701754385964912,0.2702831959064327,0,0.0,0.0,1.0,linear,"{""pq_M"": 12, ""search_ef"": 192}"
sl,yfcc100m,99p,curator,14,0.6713450292397661,0.2983445233918129,0,0.0,0.0,1.0,linear,"{""pq_M"": 12, ""search_ef"": 256}"
sl,yfcc100m,99p,curator,15,0.6719298245614035,0.36585275438596493,0,0.0,0.0,1.0,linear,"{""pq_M"": 12, ""search_ef"": 384}"
sl,yfcc100m,99p,curator,16,0.6736842105263158,0.4807846812865498,0,0.0,0.0,1.0,linear,"{""pq_M"": 12, ""search_ef"": 512}"
sl,yfcc100m,99p,curator,17,0.6771929824561403,0.645827880116959,0,0.0,0.0,1.0,linear,"{""pq_M"": 12, ""search_ef"": 768}"
sl,yfcc100m,99p,curator,18,0.6798245614035088,0.6988633128654971,0,0.0,0.0,1.0,linear,"{""pq_M"": 12, ""search_ef"": 1024}"
sl,yfcc100m,99p,curator,19,0.6850877192982456,0.9634392046783625,0,0.0,0.0,1.0,linear,"{""pq_M"": 12, ""search_ef"": 1536}"
sl,yfcc100m,99p,curator,20,0.6853801169590643,2.327893888888889,0,0.0,0.0,1.0,linear,"{""pq_M"": 12, ""search_ef"": 4096}"
sl,yfcc100m,99p,curator,21,0.6859649122807018,1.1975578538011697,0,0.0,0.0,1.0,linear,"{""pq_M"": 12, ""search_ef"": 2048}"
sl,yfcc100m,99p,curator,22,0.6859649122807018,1.7234295730994151,0,0.0,0.0,1.0,linear,"{""pq_M"": 12, ""search_ef"": 3072}"
sl,yfcc100m,99p,curator,23,0.6865497076023392,5.084289152046784,0,0.0,0.0,1.0,linear,"{""pq_M"": 12, ""search_ef"": 8192}"
sl,yfcc100m,99p,curator,24,0.7181286549707603,0.12957462280701754,0,0.0,0.0,1.0,linear,"{""pq_M"": 48, ""search_ef"": 16}"
sl,yfcc100m,99p,curator,25,0.7657894736842105,0.15717933918128657,0,0.0,0.0,1.0,linear,"{""pq_M"": 48, ""search_ef"": 24}"
sl,yfcc100m,99p,curator,26,0.7964912280701756,0.19127443567251462,1,0.0,0.0,1.0,linear,"{""pq_M"": 48, ""search_ef"": 32}"
sl,yfcc100m,99p,curator,27,0.8187134502923976,0.19419883918128655,0,0.0,0.0,1.0,linear,"{""pq_M"": 48, ""search_ef"": 48}"
sl,yfcc100m,99p,curator,28,0.8380116959064328,0.21450627192982458,0,0.0,0.0,1.0,linear,"{""pq_M"": 48, ""search_ef"": 64}"
sl,yfcc100m,99p,curator,29,0.866374269005848,0.250672432748538,1,0.0,0.0,1.0,linear,"{""pq_M"": 48, ""search_ef"": 96}"
sl,yfcc100m,99p,curator,30,0.8883040935672515,0.30436822807017544,1,0.0,0.0,1.0,linear,"{""pq_M"": 48, ""search_ef"": 128}"
sl,yfcc100m,99p,curator,31,0.9093567251461988,0.31604264327485376,0,0.0,0.0,1.0,linear,"{""pq_M"": 48, ""search_ef"": 192}"
sl,yfcc100m,99p,curator,32,0.922514619883041,0.40453345321637424,1,0.0,0.0,1.0,linear,"{""pq_M"": 48, ""search_ef"": 256}"
sl,yfcc100m,99p,curator,33,0.9383040935672515,0.5068413684210527,0,0.0,0.0,1.0,linear,"{""pq_M"": 48, ""search_ef"": 384}"
sl,yfcc100m,99p,curator,34,0.9491228070175439,0.5699483157894737,0,0.0,0.0,1.0,linear,"{""pq_M"": 48, ""search_ef"": 512}"
sl,yfcc100m,99p,curator,35,0.9614035087719298,0.7706767865497076,0,0.0,0.0,1.0,linear,"{""pq_M"": 48, ""search_ef"": 768}"
sl,yfcc100m,99p,curator,36,0.9730994152046782,0.9003439093567255,0,0.0,0.0,1.0,linear,"{""pq_M"": 48, ""search_ef"": 1024}"
sl,yfcc100m,99p,curator,37,0.9827485380116959,1.0113336330409357,1,0.0,0.0,1.0,linear,"{""pq_M"": 48, ""search_ef"": 2048}"
sl,yfcc100m,99p,curator,38,0.9897660818713451,3.1118763450292395,0,0.0,0.0,1.0,linear,"{""pq_M"": 48, ""search_ef"": 4096}"
sl,yfcc100m,99p,curator,39,0.9915204678362574,2.5283340826023393,1,0.0,0.0,1.0,linear,"{""pq_M"": 48, ""search_ef"": 8192}"
sl,yfcc100m,99p,curator,40,0.9915204678362574,14.064649415204679,0,0.0,0.0,1.0,linear,"{""pq_M"": 48, ""search_ef"": 16384}"
sl,yfcc100m,99p,diskivf,0,0.6444444444444446,1.4556990497076026,1,0.0,0.0,1.0,linear,"{""nlist"": 894, ""nprobe"": 2}"
sl,yfcc100m,99p,diskivf,1,0.7380116959064327,1.3402605146198832,0,0.0,0.0,1.0,linear,"{""nlist"": 894, ""nprobe"": 3}"
sl,yfcc100m,99p,diskivf,2,0.7865497076023392,1.6027673391812867,1,0.0,0.0,1.0,linear,"{""nlist"": 894, ""nprobe"": 4}"
sl,yfcc100m,99p,diskivf,3,0.8184210526315788,1.8624633976608187,1,0.0,0.0,1.0,linear,"{""nlist"": 894, ""nprobe"": 5}"
sl,yfcc100m,99p,diskivf,4,0.8453216374269007,2.964737923976608,0,0.0,0.0,1.0,linear,"{""nlist"": 894, ""nprobe"": 6}"
sl,yfcc100m,99p,diskivf,5,0.866374269005848,5.156615058479531,0,0.0,0.0,1.0,linear,"{""nlist"": 894, ""nprobe"": 7}"
sl,yfcc100m,99p,diskivf,6,0.8824561403508773,7.023510204678362,0,0.0,0.0,1.0,linear,"{""nlist"": 894, ""nprobe"": 8}"
sl,yfcc100m,99p,diskivf,7,0.8953216374269005,5.27205985380117,0,0.0,0.0,1.0,linear,"{""nlist"": 894, ""nprobe"": 9}"
sl,yfcc100m,99p,diskivf,8,0.9035087719298246,7.885504999999999,0,0.0,0.0,1.0,linear,"{""nlist"": 894, ""nprobe"": 10}"
sl,yfcc100m,99p,diskivf,9,0.9128654970760234,3.755951549707602,1,0.0,0.0,1.0,linear,"{""nlist"": 894, ""nprobe"": 11}"
sl,yfcc100m,99p,diskivf,10,0.9195906432748538,7.689673801169589,0,0.0,0.0,1.0,linear,"{""nlist"": 894, ""nprobe"": 12}"
sl,yfcc100m,99p,diskivf,11,0.9292397660818714,4.6249044152046785,1,0.0,0.0,1.0,linear,"{""nlist"": 894, ""nprobe"": 13}"
sl,yfcc100m,99p,diskivf,12,0.9356725146198832,8.807788567251462,0,0.0,0.0,1.0,linear,"{""nlist"": 894, ""nprobe"": 14}"
sl,yfcc100m,99p,diskivf,13,0.9426900584795322,5.317472543859648,0,0.0,0.0,1.0,linear,"{""nlist"": 894, ""nprobe"": 15}"
sl,yfcc100m,99p,diskivf,14,0.9482456140350878,9.880100058479533,0,0.0,0.0,1.0,linear,"{""nlist"": 894, ""nprobe"": 16}"
sl,yfcc100m,99p,diskivf,15,0.9517543859649122,5.785639678362573,0,0.0,0.0,1.0,linear,"{""nlist"": 894, ""nprobe"": 17}"
sl,yfcc100m,99p,diskivf,16,0.9546783625730995,11.249334912280704,0,0.0,0.0,1.0,linear,"{""nlist"": 894, ""nprobe"": 18}"
sl,yfcc100m,99p,diskivf,17,0.9576023391812866,6.686822514619884,1,0.0,0.0,1.0,linear,"{""nlist"": 894, ""nprobe"": 19}"
sl,yfcc100m,99p,diskivf,18,0.9614035087719298,11.242009795321637,0,0.0,0.0,1.0,linear,"{""nlist"": 894, ""nprobe"": 20}"
sl,yfcc100m,99p,diskivf,19,0.963157894736842,7.685419883040936,0,0.0,0.0,1.0,linear,"{""nlist"": 894, ""nprobe"": 21}"
sl,yfcc100m,99p,diskivf,20,0.9646198830409358,7.516159883040935,0,0.0,0.0,1.0,linear,"{""nlist"": 894, ""nprobe"": 22}"
sl,yfcc100m,99p,diskivf,21,0.966374269005848,7.750450877192982,0,0.0,0.0,1.0,linear,"{""nlist"": 894, ""nprobe"": 23}"
sl,yfcc100m,99p,diskivf,22,0.9678362573099415,13.483247865497074,0,0.0,0.0,1.0,linear,"{""nlist"": 894, ""nprobe"": 24}"
sl,yfcc100m,99p,diskivf,23,0.9692982456140351,7.774834210526317,0,0.0,0.0,1.0,linear,"{""nlist"": 894, ""nprobe"": 25}"
sl,yfcc100m,99p,diskivf,24,0.9710526315789474,17.197137982456137,0,0.0,0.0,1.0,linear,"{""nlist"": 894, ""nprobe"": 26}"
sl,yfcc100m,99p,diskivf,25,0.972514619883041,8.902386549707602,0,0.0,0.0,1.0,linear,"{""nlist"": 894, ""nprobe"": 27}"
sl,yfcc100m,99p,diskivf,26,0.9748538011695908,15.607839239766081,0,0.0,0.0,1.0,linear,"{""nlist"": 894, ""nprobe"": 28}"
sl,yfcc100m,99p,diskivf,27,0.9763157894736844,9.463704561403508,0,0.0,0.0,1.0,linear,"{""nlist"": 894, ""nprobe"": 29}"
sl,yfcc100m,99p,diskivf,28,0.9769005847953217,13.29368135964912,1,0.0,0.0,1.0,linear,"{""nlist"": 894, ""nprobe"": 30}"
sl,yfcc100m,99p,diskivf,29,0.9783625730994153,9.548059356725147,0,0.0,0.0,1.0,linear,"{""nlist"": 894, ""nprobe"": 31}"
sl,yfcc100m,99p,diskivf,30,0.9798245614035088,20.933046461988305,0,0.0,0.0,1.0,linear,"{""nlist"": 894, ""nprobe"": 32}"
sl,yfcc100m,99p,diskivf,31,0.9809941520467836,10.32991634502924,0,0.0,0.0,1.0,linear,"{""nlist"": 894, ""nprobe"": 33}"
sl,yfcc100m,99p,diskivf,32,0.981578947368421,10.94946052631579,0,0.0,0.0,1.0,linear,"{""nlist"": 894, ""nprobe"": 34}"
sl,yfcc100m,99p,diskivf,33,0.9818713450292398,11.078375643274853,0,0.0,0.0,1.0,linear,"{""nlist"": 894, ""nprobe"": 35}"
sl,yfcc100m,99p,diskivf,34,0.9830409356725147,25.077015497076026,0,0.0,0.0,1.0,linear,"{""nlist"": 894, ""nprobe"": 36}"
sl,yfcc100m,99p,diskivf,35,0.9842105263157895,12.502089912280699,0,0.0,0.0,1.0,linear,"{""nlist"": 894, ""nprobe"": 37}"
sl,yfcc100m,99p,diskivf,36,0.9853801169590644,11.764293771929824,0,0.0,0.0,1.0,linear,"{""nlist"": 894, ""nprobe"": 38}"
sl,yfcc100m,99p,diskivf,37,0.9856725146198831,12.663507894736844,0,0.0,0.0,1.0,linear,"{""nlist"": 894, ""nprobe"": 39}"
sl,yfcc100m,99p,diskivf,38,0.9856725146198831,31.440713157894734,0,0.0,0.0,1.0,linear,"{""nlist"": 894, ""nprobe"": 40}"
sl,yfcc100m,99p,diskivf,39,0.9874269005847953,29.77121578947368,0,0.0,0.0,1.0,linear,"{""nlist"": 894, ""nprobe"": 44}"
sl,yfcc100m,99p,diskivf,40,0.990643274853801,35.141867543859654,0,0.0,0.0,1.0,linear,"{""nlist"": 894, ""nprobe"": 48}"
sl,yfcc100m,99p,diskivf,41,0.9926900584795322,34.36758684210526,0,0.0,0.0,1.0,linear,"{""nlist"": 894, ""nprobe"": 56}"
sl,yfcc100m,99p,diskivf,42,0.9944444444444445,48.848093859649126,0,0.0,0.0,1.0,linear,"{""nlist"": 894, ""nprobe"": 64}"
sl,yfcc100m,99p,diskivf,43,0.9950292397660817,50.933000877192995,0,0.0,0.0,1.0,linear,"{""nlist"": 894, ""nprobe"": 72}"
sl,yfcc100m,99p,diskivf,44,0.9959064327485381,45.79042192982456,0,0.0,0.0,1.0,linear,"{""nlist"": 894, ""nprobe"": 80}"
sl,yfcc100m,99p,diskivf,45,0.9959064327485381,56.20454590643274,0,0.0,0.0,1.0,linear,"{""nlist"": 894, ""nprobe"": 88}"
sl,yfcc100m,99p,diskivf,46,0.9964912280701753,54.1897888888889,0,0.0,0.0,1.0,linear,"{""nlist"": 894, ""nprobe"": 96}"
sl,yfcc100m,99p,diskivf,47,0.9970760233918129,70.03648333333332,0,0.0,0.0,1.0,linear,"{""nlist"": 894, ""nprobe"": 112}"
sl,yfcc100m,99p,diskivf,48,0.9976608187134502,33.234203399122805,1,0.0,0.0,1.0,linear,"{""nlist"": 894, ""nprobe"": 128}"
sl,yfcc100m,99p,prefilter,0,1.0,14.915625672514619,1,0.0,0.0,1.0,linear,{}
sl,yfcc100m,99p,spann,0,0.8979532163742691,2.932826812865497,1,0.0,0.0,1.0,linear,"{""max_check"": 8192, ""overfetch_factor"": 12.0, ""search_internal_result_num"": 0}"
sl,yfcc100m,99p,spann,1,0.9304093567251461,2.9439370175438597,1,0.0,0.0,1.0,linear,"{""max_check"": 8192, ""overfetch_factor"": 15.0, ""search_internal_result_num"": 0}"
sl,yfcc100m,99p,spann,2,0.9529239766081871,3.1544431578947365,0,0.0,0.0,1.0,linear,"{""max_check"": 8192, ""overfetch_factor"": 20.0, ""search_internal_result_num"": 0}"
sl,yfcc100m,99p,spann,3,0.9593567251461989,2.589625292397661,0,0.0,0.0,1.0,linear,"{""max_check"": 4096, ""overfetch_factor"": 25.0, ""search_internal_result_num"": 0}"
sl,yfcc100m,99p,spann,4,0.9599415204678363,3.2346990935672517,0,0.0,0.0,1.0,linear,"{""max_check"": 8192, ""overfetch_factor"": 25.0, ""search_internal_result_num"": 0}"
sl,yfcc100m,99p,spann,5,0.9608918128654973,5.563271947008069,1,0.0,0.0,1.0,linear,"{""max_check"": 8192, ""overfetch_factor"": 30.0, ""search_internal_result_num"": 0}"
sl,yfcc100m,99p,spann,6,0.9625730994152049,3.851991900584795,0,0.0,0.0,1.0,linear,"{""max_check"": 8192, ""overfetch_factor"": 40.0, ""search_internal_result_num"": 0}"
sl,yfcc100m,99p,spann,7,0.9628654970760236,3.047431461988304,0,0.0,0.0,1.0,linear,"{""max_check"": 8192, ""overfetch_factor"": 50.0, ""search_internal_result_num"": 0}"
sl,yfcc100m,99p,spann,8,0.9628654970760236,3.7500067251461986,0,0.0,0.0,1.0,linear,"{""max_check"": 8192, ""overfetch_factor"": 100.0, ""search_internal_result_num"": 0}"
sl,yfcc100m,99p,spann,9,0.9628654970760236,4.09062105263158,0,0.0,0.0,1.0,linear,"{""max_check"": 8192, ""overfetch_factor"": 75.0, ""search_internal_result_num"": 0}"
sl,yfcc100m,99p,spann,10,0.9628654970760236,4.871844269005848,0,0.0,0.0,1.0,linear,"{""max_check"": 8192, ""overfetch_factor"": 150.0, ""search_internal_result_num"": 0}"
sl,yfcc100m,99p,spann,11,0.9628654970760236,4.945570555555556,0,0.0,0.0,1.0,linear,"{""max_check"": 8192, ""overfetch_factor"": 200.0, ""search_internal_result_num"": 0}"
sl,yfcc100m,99p,spann,12,0.9628654970760236,5.676342865497076,0,0.0,0.0,1.0,linear,"{""max_check"": 8192, ""overfetch_factor"": 250.0, ""search_internal_result_num"": 0}"
sl,yfcc100m,99p,spann,13,0.9628654970760236,9.259841315789474,0,0.0,0.0,1.0,linear,"{""max_check"": 8192, ""overfetch_factor"": 500.0, ""search_internal_result_num"": 0}"
sl,yfcc100m,99p,spann,14,0.9628654970760236,17.241186549707603,0,0.0,0.0,1.0,linear,"{""max_check"": 32768, ""overfetch_factor"": 1000.0, ""search_internal_result_num"": 0}"
sl,yfcc100m,99p,spann,15,0.9628654970760236,29.893495614035082,0,0.0,0.0,1.0,linear,"{""max_check"": 32768, ""overfetch_factor"": 2000.0, ""search_internal_result_num"": 0}"
sl,yfcc100m,99p,spann,16,0.98187134502924,10.302000467836256,1,0.0,0.0,1.0,linear,"{""max_check"": 8192, ""overfetch_factor"": 500.0, ""search_internal_result_num"": 100}"
sl,yfcc100m,99p,spann,17,0.9941520467836257,12.731854736842108,0,0.0,0.0,1.0,linear,"{""max_check"": 16384, ""overfetch_factor"": 500.0, ""search_internal_result_num"": 200}"
sl,yfcc100m,99p,spann,18,0.9976608187134502,25.690295029239767,0,0.0,0.0,1.0,linear,"{""max_check"": 32768, ""overfetch_factor"": 1000.0, ""search_internal_result_num"": 500}"
sl,yfcc100m,99p,spann,19,0.9985380116959064,25.755001169590642,1,0.0,0.0,1.0,linear,"{""max_check"": 32768, ""overfetch_factor"": 2000.0, ""search_internal_result_num"": 1000}"
sl,yfcc100m,99p,spann,20,0.9985380116959064,122.77270058479533,0,0.0,0.0,1.0,linear,"{""max_check"": 65536, ""overfetch_factor"": 5000.0, ""search_internal_result_num"": 2000}"
